,id,totalcost,constcost,hardcost,acqucost,landcost,equity_lif,equity_lis,con_type,sources_n,lien1,lien1type,lien2,lien2type,lien3,lien3type,lien4,lien4type,lien5,lien5type,lien6,lien6type,lien7,lien7type,lien8,lien8type,lien9,lien9type,lien10,lien10type,acqudate,con_stdate,concomdate,stabdate,units_n,units_li,units_ot,zipcode,build_n,sqft,tpop,state,df,yr_pis
0,33532," $32,481,257 "," $32,481,257 "," $26,248,298 ", $-   , $-   ," $10,363,780 ", $-   , New ,6.0," $8,876,272 ",Soft," $1,750,000 ",Soft," $2,714,861 ",Soft," $2,500,000 ",Soft," $5,882,070 ",Soft, n/a ,, n/a ,, n/a ,, n/a ,, n/a ,,2/7/13,9/1/11,12/23/14,11/30/15,75.0,74.0,1.0,02111,1.0," 35,986 ",Elderly,MA,b,2014
1,33663," $5,333,498 "," $5,179,631 "," $3,403,697 ", $-   ," $153,867 "," $1,565,780 ", $-   , New ,3.0," $1,000,000 ",Hard," $2,332,547 ",Soft, n/a ,, n/a ,, n/a ,, n/a ,, n/a ,, n/a ,, n/a ,, n/a ,,10/31/14,11/1/14,9/8/15,10/29/15,24.0,24.0,0.0,04426,1.0," 14,436 ",Elderly,ME,b,2015
2,33709," $6,849,238 "," $6,849,238 "," $4,971,098 ", $-   , $-   ," $6,336,867 ", $-   , New ,2.0," $900,000 ",Hard, n/a ,, n/a ,, n/a ,, n/a ,, n/a ,, n/a ,, n/a ,, n/a ,, n/a ,,5/1/12,9/21/12,7/29/13,7/30/15,44.0,44.0,0.0,73134,23.0," 41,770 ",Elderly,OK,b,2013
3,33768," $7,183,151 "," $6,626,903 "," $6,270,653 ", $-   ," $556,248 "," $5,572,243 ", $-   , New ,3.0," $600,000 ",Hard," $1,895,224 ",Soft, n/a ,, n/a ,, n/a ,, n/a ,, n/a ,, n/a ,, n/a ,, n/a ,,3/21/14,2/20/14,6/11/15,10/20/15,72.0,72.0,0.0,27896,9.0," 61,308 ",Family,NC,b,2015
4,34008," $5,957,537 "," $5,161,743 "," $5,161,743 ", $-   ," $795,794 "," $4,030,489 ", $-   , New ,3.0," $1,695,600 ",Hard," $1,816,045 ",Soft, n/a ,, n/a ,, n/a ,, n/a ,, n/a ,, n/a ,, n/a ,, n/a ,,8/1/13,8/6/13,12/23/14,12/11/15,56.0,56.0,0.0,27030,5.0," 58,736 ",Family,NC,b,2014
5,34280," $20,987,345 "," $19,810,345 "," $14,210,065 ", $-   ," $1,177,000 "," $17,411,007 ", $-   , Rehab ,4.0," $3,995,000 ",Hard," $3,000,000 ",Soft," $577,250 ",Soft, n/a ,, n/a ,, n/a ,, n/a ,, n/a ,, n/a ,, n/a ,,7/2/12,7/18/13,8/1/14,5/5/15,84.0,83.0,1.0,07208,4.0," 88,650 ",Family,NJ,b,2014
6,34320," $6,965,402 "," $6,240,402 "," $5,846,473 ", $-   ," $725,000 "," $4,859,514 ", $-   , New ,5.0," $1,076,819 ",Hard," $800,000 ",Hard," $650,000 ",Soft," $530,108 ",Soft, n/a ,, n/a ,, n/a ,, n/a ,, n/a ,, n/a ,,5/6/14,3/28/14,7/29/15,12/1/15,60.0,60.0,0.0,28412,5.0," 52,308 ",Family,NC,b,2015
7,34364," $6,686,115 "," $6,023,804 "," $4,493,692 "," $613,085 "," $49,226 "," $5,218,228 ", $-   , Rehab ,2.0," $1,825,000 ",Hard, n/a ,, n/a ,, n/a ,, n/a ,, n/a ,, n/a ,, n/a ,, n/a ,, n/a ,,12/18/13,12/18/13,1/12/15,5/7/15,52.0,52.0,0.0,59501,8.0," 44,064 ",Mixed,MT,b,2015
8,34378," $2,669,292 "," $1,510,349 "," $1,136,075 "," $998,943 "," $160,000 "," $1,567,946 ", $-   , Rehab ,3.0," $300,000 ",Hard," $1,104,794 ",Hard, n/a ,, n/a ,, n/a ,, n/a ,, n/a ,, n/a ,, n/a ,, n/a ,,1/14/15,8/10/15,3/24/16,12/12/16,32.0,32.0,0.0,23881,4.0," 22,848 ",Family,VA,b,2016
9,34401," $16,007,355 "," $13,307,355 "," $10,711,292 ", $-   ," $2,700,000 "," $10,733,408 ", $-   , New ,3.0," $1,500,000 ",Soft," $1,406,289 ",Soft, n/a ,, n/a ,, n/a ,, n/a ,, n/a ,, n/a ,, n/a ,, n/a ,,6/19/13,6/19/13,10/9/14,4/1/15,54.0,54.0,0.0,22314,10.0," 54,204 ",Mixed,VA,b,2014
10,34505," $4,101,471 "," $3,901,471 "," $2,691,058 "," $150,000 "," $50,000 "," $3,394,844 ", $-   , Rehab ,2.0," $349,000 ",Soft, n/a ,, n/a ,, n/a ,, n/a ,, n/a ,, n/a ,, n/a ,, n/a ,, n/a ,,12/21/12,1/15/13,2/24/14,9/24/15,30.0,30.0,0.0,41056,1.0," 22,676 ",Family,KY,b,2014
11,34522," $10,313,217 "," $2,713,217 "," $2,441,895 "," $6,350,000 "," $1,250,000 "," $2,960,695 ", $-   , Rehab ,3.0," $9,000,000 ",Hard," $100,000 ",Soft, n/a ,, n/a ,, n/a ,, n/a ,, n/a ,, n/a ,, n/a ,, n/a ,,2/1/13,3/5/13,12/11/13,2/27/15,74.0,73.0,1.0,95020,19.0," 68,628 ",Family,CA,b,2013
12,34539," $17,790,456 "," $17,790,456 "," $13,804,295 ", $-   , $-   ," $14,676,992 ", $-   , New/Rehab ,6.0," $500,000 ",Hard," $940,877 ",Soft," $543,411 ",Soft," $300,000 ",Soft," $550,000 ",Soft, n/a ,, n/a ,, n/a ,, n/a ,, n/a ,,10/1/12,10/29/12,1/22/14,5/28/15,70.0,70.0,0.0,85201,12.0," 63,852 ",Family,AZ,b,2014
13,34550," $9,468,236 "," $9,468,236 "," $8,900,653 ", $-   , $-   ," $4,588,278 ", $-   , New ,5.0," $3,935,000 ",Hard," $2,587,611 ",Soft," $590,000 ",Soft," $486,066 ",Soft, n/a ,, n/a ,, n/a ,, n/a ,, n/a ,, n/a ,,2/7/13,2/7/13,8/8/14,1/23/15,59.0,59.0,0.0,80305,1.0," 43,087 ",Elderly,CO,b,2014
14,34639," $5,942,041 "," $5,492,041 "," $5,492,041 ", $-   ," $450,000 "," $4,256,631 ", $-   , New ,3.0," $1,510,600 ",Hard," $1,973,052 ",Soft, n/a ,, n/a ,, n/a ,, n/a ,, n/a ,, n/a ,, n/a ,, n/a ,,7/1/13,6/3/13,10/28/14,11/6/15,64.0,64.0,0.0,28697,3.0," 68,986 ",Family,NC,b,2014
15,34641," $23,726,082 "," $21,711,532 "," $11,622,797 ", $-   ," $2,014,550 "," $13,493,940 ", $-   , New ,4.0," $2,442,000 ",Hard," $2,500,000 ",Soft," $900,000 ",Soft, n/a ,, n/a ,, n/a ,, n/a ,, n/a ,, n/a ,, n/a ,,10/24/12,4/1/13,8/7/14,4/1/15,80.0,79.0,1.0,91945,1.0," 48,000 ",Elderly,CA,b,2014
16,34643," $31,311,098 "," $20,373,500 "," $12,913,382 ", $-   ," $10,937,598 "," $17,199,354 ", $-   , New ,4.0," $1,106,430 ",Hard," $11,681,583 ",Soft," $1,637,804 ",Soft, n/a ,, n/a ,, n/a ,, n/a ,, n/a ,, n/a ,, n/a ,,3/1/13,3/25/13,8/28/14,5/7/15,84.0,82.0,2.0,92069,9.0," 70,779 ",Family,CA,b,2014
17,34645," $11,589,684 "," $8,698,215 "," $6,676,259 ", $-   ," $2,891,469 "," $3,027,727 ", $-   , New ,3.0," $6,385,122 ",Hard," $4,100,000 ",Soft, n/a ,, n/a ,, n/a ,, n/a ,, n/a ,, n/a ,, n/a ,, n/a ,,12/31/13,9/16/13,7/9/15,12/11/15,69.0,69.0,0.0,80304,6.0," 48,792 ",Family,CO,b,2015
18,34646," $9,513,766 "," $7,688,451 "," $5,437,743 ", $-   ," $1,825,315 "," $3,233,145 ", $-   , New ,3.0," $4,780,794 ",Hard," $3,000,000 ",Soft, n/a ,, n/a ,, n/a ,, n/a ,, n/a ,, n/a ,, n/a ,, n/a ,,11/15/13,7/8/13,8/28/14,4/21/15,61.0,61.0,0.0,80301,4.0," 38,686 ",Family,CO,b,2014
19,34651," $4,362,162 "," $3,903,016 "," $3,903,016 "," $299,364 "," $159,782 "," $3,648,748 ", $-   , Rehab ,8.0," $1,000,000 ",Hard," $450,000 ",Soft," $300,000 ",Soft," $419,569 ",Soft," $126,452 ",Soft," $303,979 ",Soft," $49,900 ",Soft, n/a ,, n/a ,, n/a ,,7/26/13,8/12/13,1/14/15,4/13/15,24.0,24.0,0.0,05819,4.0," 22,180 ",Family,VT,b,2015
20,34656," $7,913,179 "," $4,413,179 "," $4,192,089 "," $3,500,000 ", $-   ," $2,580,791 ", $-   , Rehab ,4.0," $3,935,287 ",Hard," $3,150,000 ",Soft," $750,806 ",Soft, n/a ,, n/a ,, n/a ,, n/a ,, n/a ,, n/a ,, n/a ,,3/25/14,3/31/14,5/1/15,8/25/16,60.0,60.0,0.0,06902,1.0," 37,242 ",Elderly,CT,b,2015
21,34665," $18,052,821 "," $16,712,821 "," $8,948,872 ", $-   ," $1,340,000 "," $12,377,897 ", $-   , New ,4.0," $258,000 ",Hard," $550,000 ",Soft," $2,500,000 ",Soft, n/a ,, n/a ,, n/a ,, n/a ,, n/a ,, n/a ,, n/a ,,3/12/13,6/17/13,4/28/14,4/20/15,51.0,50.0,1.0,92503,4.0," 48,810 ",Family,CA,b,2014
22,34666," $24,700,728 "," $20,643,478 "," $14,077,626 ", $-   ," $4,057,250 "," $15,542,294 ", $-   , New ,3.0," $4,150,000 ",Hard," $4,905,000 ",Soft, n/a ,, n/a ,, n/a ,, n/a ,, n/a ,, n/a ,, n/a ,, n/a ,,2/15/13,8/8/13,10/30/14,10/21/15,78.0,77.0,1.0,92115,13.0," 70,240 ",Family,CA,b,2014
23,34697," $19,059,861 "," $18,453,271 "," $13,168,027 ", $-   ," $606,590 "," $13,705,006 ", $-   , New ,5.0," $1,932,600 ",Hard," $945,000 ",Soft," $860,000 ",Soft," $125,000 ",Soft, n/a ,, n/a ,, n/a ,, n/a ,, n/a ,, n/a ,,9/17/13,6/7/13,12/31/14,11/12/15,90.0,90.0,0.0,21215,1.0," 70,502 ",Elderly,MD,b,2014
24,34703," $19,195,069 "," $14,135,413 "," $9,858,978 "," $4,281,481 "," $778,175 "," $5,782,550 ", $-   , Rehab ,6.0," $7,900,000 ",Hard," $750,000 ",Soft," $750,000 ",Soft," $1,000,000 ",Soft," $2,560,964 ",Soft, n/a ,, n/a ,, n/a ,, n/a ,, n/a ,,6/12/13,7/9/13,9/23/14,1/11/15,72.0,72.0,0.0,02124,3.0," 53,424 ",Family,MA,b,2014
25,34706," $9,476,411 "," $8,976,411 "," $8,017,528 ", $-   ," $500,000 "," $6,032,841 ", $-   , New ,4.0," $2,283,861 ",Hard," $1,225,000 ",Soft," $500,000 ",Soft, n/a ,, n/a ,, n/a ,, n/a ,, n/a ,, n/a ,, n/a ,,12/1/13,12/1/13,1/21/15,5/29/15,57.0,46.0,11.0,04101,1.0," 32,535 ",Family,ME,b,2015
26,34708," $7,855,308 "," $7,855,308 "," $4,474,201 ", $-   , $-   ," $4,443,186 ", $-   , Rehab ,6.0," $1,700,000 ",Hard," $725,338 ",Soft," $500,000 ",Soft," $76,195 ",Soft," $173,650 ",Soft, n/a ,, n/a ,, n/a ,, n/a ,, n/a ,,1/1/15,2/1/15,12/31/15,8/11/16,73.0,73.0,0.0,04092,16.0," 49,647 ",Family,ME,b,2015
27,34720," $2,372,525 "," $2,262,525 "," $2,262,526 ", $-   ," $110,000 "," $2,874,342 ", $-   , Rehab ,3.0," $325,000 ",Hard," $110,000 ",Soft, n/a ,, n/a ,, n/a ,, n/a ,, n/a ,, n/a ,, n/a ,, n/a ,,11/21/13,11/18/13,5/28/14,1/15/15,46.0,46.0,0.0,24504,5.0," 32,434 ",Family,VA,b,2014
28,34721," $4,345,792 "," $3,925,192 "," $3,925,192 ", $-   ," $420,600 "," $3,203,823 ", $-   , New ,3.0," $1,410,000 ",Hard," $396,000 ",Soft, n/a ,, n/a ,, n/a ,, n/a ,, n/a ,, n/a ,, n/a ,, n/a ,,1/28/14,1/23/14,8/29/14,4/24/15,36.0,30.0,6.0,53714,1.0," 32,494 ",Family,WI,b,2014
29,34724," $28,417,308 "," $24,995,753 "," $16,088,176 "," $2,560,000 "," $861,555 "," $17,949,476 ", $-   , Rehab ,3.0," $640,000 ",Hard," $3,400,000 ",Soft, n/a ,, n/a ,, n/a ,, n/a ,, n/a ,, n/a ,, n/a ,, n/a ,,9/26/13,10/1/13,10/31/14,1/1/15,84.0,80.0,4.0,60631,1.0," 50,394 ",Elderly,IL,b,2014
30,34725," $24,428,694 "," $23,678,017 "," $12,876,566 ", $-   ," $750,677 "," $3,557,388 ", $-   , New ,4.0," $14,207,000 ",Hard," $4,000,000 ",Soft," $300,000 ",Soft, n/a ,, n/a ,, n/a ,, n/a ,, n/a ,, n/a ,, n/a ,,10/29/13,10/30/13,10/22/14,10/1/15,120.0,96.0,24.0,60406,1.0," 51,798 ",Assisted Living,IL,b,2014
31,34757," $18,521,206 "," $8,621,206 "," $8,192,999 "," $6,600,000 "," $3,300,000 "," $4,361,947 ", $-   , Rehab ,7.0," $10,855,000 ",Hard," $2,500,000 ",Soft," $570,736 ",Soft," $979,580 ",Soft," $876,496 ",Soft," $2,319,079 ",Soft, n/a ,, n/a ,, n/a ,, n/a ,,12/1/13,12/23/13,5/28/15,4/1/15,135.0,125.0,10.0,20912,1.0," 113,899 ",Mixed,MD,b,2015
32,34758," $17,450,195 "," $5,350,195 "," $2,735,186 "," $12,100,000 ", $-   ," $5,274,577 ", $-   , Rehab ,3.0," $7,729,800 ",Hard," $3,968,635 ",Soft, n/a ,, n/a ,, n/a ,, n/a ,, n/a ,, n/a ,, n/a ,, n/a ,,7/1/13,7/22/13,7/31/14,4/1/15,120.0,120.0,0.0,98201,1.0," 72,372 ",Elderly,WA,b,2014
33,34764," $10,528,772 "," $10,388,772 "," $8,607,723 ", $-   ," $140,000 "," $8,470,487 ", $-   , New ,4.0," $2,000,000 ",Hard," $140,000 ",Soft," $954,685 ",Soft, n/a ,, n/a ,, n/a ,, n/a ,, n/a ,, n/a ,, n/a ,,5/28/15,6/1/15,4/28/16,3/30/17,50.0,49.0,1.0,80701,5.0," 50,360 ",Family,CO,b,2016
34,34787," $7,381,330 "," $7,276,748 "," $5,303,935 ", $-   ," $104,582 "," $4,249,575 ", $-   , New ,2.0," $2,376,000 ",Hard, n/a ,, n/a ,, n/a ,, n/a ,, n/a ,, n/a ,, n/a ,, n/a ,, n/a ,,3/21/14,3/1/14,10/30/15,7/7/16,49.0,45.0,4.0,75840,6.0," 46,877 ",Family,TX,b,2015
35,34788," $7,469,388 "," $7,412,598 "," $5,278,901 ", $-   ," $56,790 "," $5,202,650 ", $-   , New ,2.0," $1,819,115 ",Hard, n/a ,, n/a ,, n/a ,, n/a ,, n/a ,, n/a ,, n/a ,, n/a ,, n/a ,,2/14/14,3/1/14,7/23/15,1/26/16,49.0,45.0,4.0,75124,6.0," 46,877 ",Family,TX,b,2015
36,34798," $20,014,796 "," $20,014,795 "," $14,577,481 ", $-   , $1 ," $14,771,075 ", $-   , New ,3.0," $1,374,000 ",Hard," $964,881 ",Hard, n/a ,, n/a ,, n/a ,, n/a ,, n/a ,, n/a ,, n/a ,, n/a ,,4/10/14,4/14/14,5/1/15,4/27/16,89.0,89.0,0.0,60104,1.0," 58,790 ",Elderly,IL,b,2015
37,34829," $54,352,770 "," $40,052,770 "," $25,897,042 "," $12,483,900 "," $1,816,100 "," $17,301,684 ", $-   , Rehab ,7.0," $14,160,000 ",Hard," $2,500,000 ",Soft," $892,926 ",Soft," $12,844,254 ",Soft," $600,000 ",Soft," $635,132 ",Soft, n/a ,, n/a ,, n/a ,, n/a ,,4/30/14,4/30/14,6/27/16,5/1/16,266.0,259.0,7.0,21217,1.0," 119,086 ",Elderly,MD,b,2016
38,34830," $9,011,339 "," $8,901,339 "," $7,280,096 ", $-   ," $110,000 "," $4,659,954 ", $-   , New ,3.0," $1,600,000 ",Hard," $250,000 ",Soft, n/a ,, n/a ,, n/a ,, n/a ,, n/a ,, n/a ,, n/a ,, n/a ,,1/22/14,1/27/14,8/31/15,12/11/15,47.0,47.0,0.0,63136,7.0," 56,604 ",Family,MO,b,2015
39,34860," $1,938,096 "," $1,766,896 "," $1,471,750 ", $-   ," $171,200 "," $1,916,401 ", $-   , New ,2.0," $360,000 ",Hard, n/a ,, n/a ,, n/a ,, n/a ,, n/a ,, n/a ,, n/a ,, n/a ,, n/a ,,12/6/13,12/19/13,8/28/14,1/7/15,12.0,12.0,0.0,82435,1.0," 11,600 ",Family,WY,b,2014
40,34861," $1,978,556 "," $1,825,056 "," $1,526,082 ", $-   ," $153,500 "," $1,971,011 ", $-   , New ,2.0," $417,717 ",Hard, n/a ,, n/a ,, n/a ,, n/a ,, n/a ,, n/a ,, n/a ,, n/a ,, n/a ,,12/6/13,12/16/13,9/25/14,2/1/15,12.0,12.0,0.0,82414,2.0," 12,000 ",Family,WY,b,2014
41,34871," $14,226,828 "," $6,126,828 "," $2,918,473 "," $6,410,000 "," $1,690,000 "," $3,456,396 ", $-   , Rehab ,4.0," $6,575,000 ",Hard," $2,000,000 ",Hard," $1,640,856 ",Soft, n/a ,, n/a ,, n/a ,, n/a ,, n/a ,, n/a ,, n/a ,,10/1/13,12/25/13,9/3/14,3/30/15,132.0,132.0,0.0,23606,11.0," 134,556 ",Family,VA,b,2014
42,34919," $13,376,573 "," $8,527,748 "," $8,527,748 "," $3,848,825 "," $1,000,000 "," $5,803,626 ", $-   , Rehab ,5.0," $10,000,000 ",Hard," $1,232,477 ",Soft," $3,682,771 ",Soft," $1,276,694 ",Soft, n/a ,, n/a ,, n/a ,, n/a ,, n/a ,, n/a ,,4/29/14,4/1/14,12/19/15,11/15/16,160.0,157.0,3.0,70501,10.0," 120,740 ",Family,LA,b,2015
43,34924," $25,120,144 "," $21,514,551 "," $14,538,598 ", $-   ," $3,605,593 "," $16,054,494 ", $-   , New ,3.0," $725,000 ",Hard," $2,714,817 ",Soft, n/a ,, n/a ,, n/a ,, n/a ,, n/a ,, n/a ,, n/a ,, n/a ,,6/30/14,11/18/13,5/13/16,3/1/17,54.0,53.0,1.0,90012,2.0," 43,699 ",Mixed,CA,b,2016
44,34936," $6,423,102 "," $6,173,102 "," $6,018,774 ", $-   ," $250,000 "," $4,683,153 ", $-   , New ,4.0," $2,650,000 ",Hard," $926,782 ",Soft," $400,000 ",Soft, n/a ,, n/a ,, n/a ,, n/a ,, n/a ,, n/a ,, n/a ,,12/30/13,2/1/14,5/6/15,10/28/17,47.0,47.0,0.0,23505,1.0," 29,638 ",Family,VA,b,2015
45,34944," $2,039,649 "," $1,934,752 "," $1,599,743 ", $-   ," $104,897 "," $1,957,964 ", $-   , New ,2.0," $501,802 ",Hard, n/a ,, n/a ,, n/a ,, n/a ,, n/a ,, n/a ,, n/a ,, n/a ,, n/a ,,11/15/13,11/1/13,7/31/14,4/15/15,12.0,12.0,0.0,82435-3160,2.0," 12,848 ",Family,WY,b,2014
46,34953," $9,853,525 "," $9,438,525 "," $6,438,995 "," $284,089 "," $130,911 "," $3,675,107 ", $-   , New/Rehab ,6.0," $1,450,000 ",Hard," $2,500,000 ",Soft," $2,475,000 ",Soft," $500,000 ",Soft," $500,000 ",Soft, n/a ,, n/a ,, n/a ,, n/a ,, n/a ,,12/1/13,12/23/13,1/30/15,6/1/15,53.0,53.0,0.0,21921,2.0," 36,009 ",Elderly,MD,b,2015
47,34957," $8,163,527 "," $6,813,527 "," $4,427,701 ", $-   ," $1,350,000 "," $5,378,467 ", $-   , New ,4.0," $1,000,000 ",Hard," $2,200,000 ",Soft," $280,971 ",Soft, n/a ,, n/a ,, n/a ,, n/a ,, n/a ,, n/a ,, n/a ,,12/1/13,12/1/13,2/11/15,8/13/15,21.0,20.0,1.0,95060,1.0," 18,222 ",Family,CA,b,2015
48,34981," $22,402,302 "," $9,602,302 "," $5,000,000 "," $10,400,000 "," $2,400,000 "," $5,274,709 ", $-   , Rehab ,4.0," $14,325,000 ",Hard," $2,000,000 ",Hard," $791,540 ",Soft, n/a ,, n/a ,, n/a ,, n/a ,, n/a ,, n/a ,, n/a ,,11/1/13,1/23/14,10/1/14,5/27/15,200.0,200.0,0.0,23188-2706,17.0," 209,600 ",Family,VA,b,2014
49,34982," $16,982,733 "," $7,782,733 "," $4,256,000 "," $7,775,000 "," $1,425,000 "," $4,204,963 ", $-   , Rehab ,4.0," $10,015,000 ",Hard," $2,000,000 ",Hard," $1,413,858 ",Soft, n/a ,, n/a ,, n/a ,, n/a ,, n/a ,, n/a ,, n/a ,,11/1/13,2/19/14,10/1/14,5/28/15,152.0,152.0,0.0,22485,13.0," 157,808 ",Family,VA,b,2014
50,34995," $3,851,126 "," $2,175,243 "," $1,579,938 "," $1,565,883 "," $110,000 "," $2,123,583 ", $-   , Rehab ,3.0," $1,300,000 ",Hard," $490,277 ",Soft, n/a ,, n/a ,, n/a ,, n/a ,, n/a ,, n/a ,, n/a ,, n/a ,,10/31/13,11/1/13,9/24/14,10/6/15,40.0,40.0,0.0,54220,6.0," 31,040 ",Family,WI,b,2014
51,34996," $5,521,854 "," $4,921,854 "," $4,921,854 ", $-   ," $600,000 "," $4,727,778 ", $-   , New ,4.0," $400,000 ",Hard," $1,350,000 ",Hard," $570,179 ",Soft, n/a ,, n/a ,, n/a ,, n/a ,, n/a ,, n/a ,, n/a ,,8/30/13,6/30/14,7/2/15,8/22/16,58.0,58.0,0.0,27265-1661,2.0," 60,206 ",Family,NC,b,2015
52,34997," $7,676,411 "," $6,865,685 "," $6,865,685 ", $-   ," $810,726 "," $6,697,665 ", $-   , New ,4.0," $2,020,788 ",Hard," $353,926 ",Soft," $500,000 ",Soft, n/a ,, n/a ,, n/a ,, n/a ,, n/a ,, n/a ,, n/a ,,10/3/14,9/25/14,12/22/15,8/31/16,87.0,87.0,0.0,28083,4.0," 93,598 ",Family,NC,b,2015
53,34998," $35,698,653 "," $29,107,548 "," $12,298,899 "," $363,100 "," $6,228,005 "," $17,988,186 ", $-   , New ,3.0," $2,619,648 ",Hard," $3,250,000 ",Soft, n/a ,, n/a ,, n/a ,, n/a ,, n/a ,, n/a ,, n/a ,, n/a ,,11/1/13,4/14/14,5/29/15,4/29/16,69.0,68.0,1.0,92083,3.0," 57,419 ",Family,CA,b,2015
54,34999," $3,992,190 "," $3,804,990 "," $3,804,948 ", $-   ," $187,200 "," $3,788,102 ", $-   , New ,2.0," $1,350,035 ",Hard, n/a ,, n/a ,, n/a ,, n/a ,, n/a ,, n/a ,, n/a ,, n/a ,, n/a ,,2/1/14,3/1/14,12/1/14,3/1/16,36.0,28.0,8.0,73068-6819,19.0," 33,800 ",Elderly,OK,b,2014
55,35001," $3,009,400 "," $2,176,041 "," $1,772,987 "," $373,359 "," $460,000 "," $2,028,684 ", $-   , Rehab ,3.0," $600,000 ",Hard," $688,106 ",Hard, n/a ,, n/a ,, n/a ,, n/a ,, n/a ,, n/a ,, n/a ,, n/a ,,1/14/15,5/11/15,12/15/15,12/12/16,46.0,46.0,0.0,22630,4.0," 33,592 ",Family,VA,b,2015
56,35002," $6,837,243 "," $5,181,716 "," $1,858,848 "," $1,380,527 "," $275,000 "," $2,493,750 ", $-   , New/Rehab ,2.0," $2,450,000 ",Hard, n/a ,, n/a ,, n/a ,, n/a ,, n/a ,, n/a ,, n/a ,, n/a ,, n/a ,,4/14/14,6/17/14,4/15/15,9/24/15,55.0,55.0,0.0,23704,0.0," 27,637 ",Elderly,VA,b,2015
57,35003," $4,179,599 "," $2,537,826 "," $2,239,289 "," $1,246,773 "," $395,000 "," $2,264,129 ", $-   , Rehab ,3.0," $125,000 ",Hard," $1,726,468 ",Hard, n/a ,, n/a ,, n/a ,, n/a ,, n/a ,, n/a ,, n/a ,, n/a ,,2/15/13,9/21/15,4/27/16,12/16/16,44.0,44.0,0.0,24592,11.0," 36,340 ",Mixed,VA,b,2016
58,35004," $2,855,632 "," $2,130,237 "," $1,761,375 "," $265,395 "," $460,000 "," $1,986,074 ", $-   , Rehab ,3.0," $400,000 ",Hard," $688,511 ",Hard, n/a ,, n/a ,, n/a ,, n/a ,, n/a ,, n/a ,, n/a ,, n/a ,,1/14/15,2/16/15,11/10/15,12/12/16,46.0,46.0,0.0,22645,4.0," 33,055 ",Family,VA,b,2015
59,35005," $11,420,936 "," $11,420,936 "," $9,395,781 ", $-   , $-   ," $12,023,359 ", $-   , New ,3.0," $400,000 ",Hard," $300,000 ",Soft, n/a ,, n/a ,, n/a ,, n/a ,, n/a ,, n/a ,, n/a ,, n/a ,,7/16/14,7/21/14,9/29/15,7/1/16,62.0,62.0,0.0,85201,13.0," 76,994 ",Family,AZ,b,2015
60,35006," $5,193,171 "," $3,617,805 "," $2,235,066 "," $1,476,199 "," $99,167 "," $3,546,354 ", $-   , Rehab ,2.0," $1,310,685 ",Hard, n/a ,, n/a ,, n/a ,, n/a ,, n/a ,, n/a ,, n/a ,, n/a ,, n/a ,,3/1/13,7/25/14,12/23/15,2/24/16,53.0,52.0,1.0,36027,9.0," 34,169 ",Elderly,AL,b,2015
61,35007," $5,008,006 "," $3,463,022 "," $2,167,725 "," $1,479,984 "," $65,000 "," $3,417,908 ", $-   , Rehab ,2.0," $1,280,668 ",Hard, n/a ,, n/a ,, n/a ,, n/a ,, n/a ,, n/a ,, n/a ,, n/a ,, n/a ,,6/30/14,6/1/14,12/7/15,2/29/16,49.0,48.0,1.0,35570,9.0," 38,554 ",Family,AL,b,2015
62,35008," $4,441,238 "," $4,211,238 "," $4,211,238 ", $-   ," $230,000 "," $2,766,123 ", $-   , New ,6.0," $222,500 ",Hard," $760,000 ",Hard," $231,000 ",Soft," $818,814 ",Soft," $870,230 ",Soft, n/a ,, n/a ,, n/a ,, n/a ,, n/a ,,12/18/13,7/1/14,4/13/15,2/2/16,38.0,38.0,0.0,27021,19.0," 36,546 ",Elderly,NC,b,2015
63,35009," $26,211,134 "," $24,550,907 "," $16,009,292 ", $-   ," $1,660,227 "," $14,548,545 ", $-   , New ,2.0," $11,917,000 ",Hard, n/a ,, n/a ,, n/a ,, n/a ,, n/a ,, n/a ,, n/a ,, n/a ,, n/a ,,11/1/13,4/2/14,8/28/15,12/8/15,164.0,130.0,34.0,75070,7.0," 162,660 ",Family,TX,b,2015
64,35011," $21,272,051 "," $20,072,051 "," $20,072,051 ", $-   ," $1,200,000 "," $23,657,852 ", $-   , New ,2.0," $3,600,000 ",Hard, n/a ,, n/a ,, n/a ,, n/a ,, n/a ,, n/a ,, n/a ,, n/a ,, n/a ,,4/1/14,12/3/12,8/6/14,2/6/15,74.0,73.0,1.0,96913,1.0," 93,218 ",Family,GU,b,2014
65,35012," $19,791,860 "," $19,291,860 "," $14,584,612 ", $-   ," $500,000 "," $12,862,714 ", $-   , New ,3.0," $1,894,118 ",Hard," $5,310,554 ",Soft, n/a ,, n/a ,, n/a ,, n/a ,, n/a ,, n/a ,, n/a ,, n/a ,,11/1/13,7/17/14,12/10/15,7/18/16,82.0,81.0,1.0,07003,1.0," 56,750 ",Elderly,NJ,b,2015
66,35013," $37,419,656 "," $9,725,606 "," $9,725,606 "," $25,854,550 "," $1,839,500 "," $11,075,078 ", $-   , Rehab ,3.0," $20,400,000 ",Hard," $11,152,558 ",Soft, n/a ,, n/a ,, n/a ,, n/a ,, n/a ,, n/a ,, n/a ,, n/a ,,4/30/14,2/24/14,4/30/15,5/1/15,537.0,512.0,25.0,53115,26.0," 30,194 ",Mixed,WI,b,2015
67,35014," $4,767,807 "," $3,364,845 "," $2,761,119 "," $1,382,962 "," $20,000 "," $3,659,396 ", $-   , Rehab ,3.0," $1,302,962 ",Hard," $400,000 ",Hard, n/a ,, n/a ,, n/a ,, n/a ,, n/a ,, n/a ,, n/a ,, n/a ,,1/1/16,2/8/16,12/30/16,6/20/19,72.0,72.0,0.0,37321,14.0," 66,000 ",Family,TN,b,2016
68,35015," $6,365,887 "," $5,555,161 "," $5,555,161 ", $-   ," $810,726 "," $4,877,872 ", $-   , New ,4.0," $1,344,400 ",Hard," $500,000 ",Soft," $1,269,473 ",Soft, n/a ,, n/a ,, n/a ,, n/a ,, n/a ,, n/a ,, n/a ,,7/31/14,8/1/14,9/29/15,11/21/16,60.0,60.0,0.0,27573,3.0," 63,272 ",Family,NC,b,2015
69,35016," $6,013,790 "," $5,593,790 "," $4,704,978 ", $-   ," $420,000 "," $3,649,192 ", $-   , New ,4.0," $419,000 ",Hard," $800,000 ",Hard," $1,723,222 ",Soft, n/a ,, n/a ,, n/a ,, n/a ,, n/a ,, n/a ,, n/a ,,3/7/14,5/12/14,9/25/15,6/5/16,56.0,56.0,0.0,28160,7.0," 59,392 ",Family,NC,b,2015
70,35017," $19,624,066 "," $4,500,000 "," $4,283,314 "," $12,424,066 "," $2,700,000 "," $6,136,528 ", $-   , Rehab ,5.0," $10,300,000 ",Hard," $2,325,000 ",Hard," $225,000 ",Hard," $3,940,407 ",Hard, n/a ,, n/a ,, n/a ,, n/a ,, n/a ,, n/a ,,9/8/14,12/4/14,8/31/15,3/1/16,180.0,180.0,0.0,23059,13.0," 216,900 ",Family,VA,b,2015
71,35018," $10,382,823 "," $8,056,442 "," $3,567,549 "," $1,552,383 "," $773,998 "," $2,160,978 ", $-   , Rehab ,6.0," $2,390,000 ",Hard," $644,910 ",Hard," $1,331,471 ",Hard," $985,000 ",Soft," $228,000 ",Soft, n/a ,, n/a ,, n/a ,, n/a ,, n/a ,,8/1/14,9/2/14,8/26/15,9/1/15,60.0,60.0,0.0,21853-3006,9.0," 47,748 ",Family,MD,b,2015
72,35022," $3,967,631 "," $3,467,131 "," $3,467,131 "," $370,500 "," $130,000 "," $3,508,502 ", $-   , Rehab ,5.0," $157,000 ",Hard," $500,000 ",Hard," $248,888 ",Soft," $652,855 ",Soft, n/a ,, n/a ,, n/a ,, n/a ,, n/a ,, n/a ,,8/1/14,8/1/14,4/22/15,4/1/16,60.0,60.0,0.0,40965-2636,8.0," 39,691 ",Family,KY,b,2015
73,35024," $4,660,637 "," $3,360,637 "," $2,025,135 "," $1,250,000 "," $50,000 "," $1,259,908 ", $-   , Rehab ,3.0," $3,795,500 ",Hard," $74,500 ",Hard, n/a ,, n/a ,, n/a ,, n/a ,, n/a ,, n/a ,, n/a ,, n/a ,,6/1/14,7/5/14,5/15/15,1/6/16,64.0,63.0,1.0,75672,8.0," 52,872 ",Family,TX,b,2015
74,35025," $5,332,802 "," $3,780,802 "," $2,138,617 "," $1,472,000 "," $80,000 "," $1,681,944 ", $-   , Rehab ,2.0," $3,675,000 ",Hard, n/a ,, n/a ,, n/a ,, n/a ,, n/a ,, n/a ,, n/a ,, n/a ,, n/a ,,6/1/14,7/5/14,10/2/15,4/18/16,68.0,68.0,0.0,79720,11.0," 56,312 ",Family,TX,b,2015
75,35026," $9,870,010 "," $9,870,010 "," $8,580,654 ", $-   , $-   ," $9,569,042 ", $-   , New ,1.0, Missing ,-, n/a ,, n/a ,, n/a ,, n/a ,, n/a ,, n/a ,, n/a ,, n/a ,, n/a ,,10/1/14,10/20/14,12/29/15,9/14/16,34.0,33.0,1.0,00850,33.0," 41,792 ",Family,VI,b,2015
76,35027," $4,808,089 "," $3,640,103 "," $2,479,659 "," $814,221 "," $353,765 "," $1,288,400 ", $-   , Rehab ,4.0," $2,328,000 ",Hard," $250,000 ",Soft," $375,000 ",Soft, n/a ,, n/a ,, n/a ,, n/a ,, n/a ,, n/a ,, n/a ,,11/18/14,12/1/14,1/22/16,3/1/16,63.0,63.0,0.0,63125,8.0," 32,949 ",Elderly,MO,b,2016
77,35028," $21,591,795 "," $20,491,795 "," $20,491,795 ", $-   ," $1,100,000 "," $25,370,562 ", $-   , New ,2.0," $3,500,000 ",Hard, n/a ,, n/a ,, n/a ,, n/a ,, n/a ,, n/a ,, n/a ,, n/a ,, n/a ,,5/1/14,7/15/13,10/6/14,6/30/16,81.0,81.0,0.0,96929,7.0," 89,460 ",Family,GU,b,2014
78,35029," $10,634,425 "," $9,759,425 "," $7,512,466 ", $-   ," $875,000 "," $8,056,857 ", $-   , New ,4.0," $2,482,000 ",Hard," $250,000 ",Soft," $263,000 ",Soft, n/a ,, n/a ,, n/a ,, n/a ,, n/a ,, n/a ,, n/a ,,8/29/14,9/10/14,11/6/15,8/19/16,64.0,57.0,7.0,83714,1.0," 54,464 ",Family,ID,b,2015
79,35030," $39,679,157 "," $39,506,222 "," $39,507,504 ", $-   ," $172,935 "," $50,595,203 ", $-   , New ,2.0," $10,500,000 ",Hard, n/a ,, n/a ,, n/a ,, n/a ,, n/a ,, n/a ,, n/a ,, n/a ,, n/a ,,6/18/15,10/14/13,6/10/16,11/4/16,240.0,240.0,0.0,96929,61.0," 211,440 ",Elderly,GU,b,2016
80,35031," $5,886,150 "," $5,626,150 "," $4,989,394 ", $-   ," $260,000 "," $4,817,304 ", $-   , New ,3.0," $1,035,000 ",Hard," $685,000 ",Soft, n/a ,, n/a ,, n/a ,, n/a ,, n/a ,, n/a ,, n/a ,, n/a ,,11/21/14,11/21/14,12/24/15,4/17/17,40.0,40.0,0.0,57069,5.0," 46,400 ",Family,SD,b,2015
81,35032," $6,311,590 "," $6,159,709 "," $3,853,411 ", $-   ," $151,881 "," $1,612,561 ", $-   , New ,7.0," $430,000 ",Hard," $856,000 ",Hard," $295,800 ",Soft," $1,000,000 ",Soft," $880,000 ",Soft," $500,000 ",Soft, n/a ,, n/a ,, n/a ,, n/a ,,12/1/14,12/1/14,12/11/15,5/1/16,28.0,28.0,0.0,03908,1.0," 19,550 ",Elderly,ME,b,2015
82,35033," $2,531,136 "," $2,251,136 "," $2,026,022 ", $-   ," $280,000 "," $1,179,989 ", $-   , New ,5.0," $358,903 ",Hard," $560,000 ",Soft," $452,448 ",Soft," $266,568 ",Soft, n/a ,, n/a ,, n/a ,, n/a ,, n/a ,, n/a ,,3/26/15,4/1/15,11/30/15,3/15/16,18.0,18.0,0.0,04101,1.0," 6,084 ",Family,ME,b,2015
83,35035," $11,707,731 "," $11,361,732 "," $8,604,158 ", $-   ," $345,999 "," $5,241,690 ", $-   , New ,5.0," $4,500,000 ",Hard," $3,300,000 ",Soft," $1,250,000 ",Soft," $500,000 ",Soft, n/a ,, n/a ,, n/a ,, n/a ,, n/a ,, n/a ,,2/20/15,2/26/15,6/1/16,3/29/17,69.0,69.0,0.0,33523,35.0," 69,757 ",Family,FL,b,2016
84,35036," $22,745,714 "," $20,339,952 "," $12,232,072 ", $-   ," $2,405,762 "," $12,320,013 ", $-   , New ,5.0," $662,023 ",Hard," $2,950,000 ",Soft," $2,700,000 ",Soft," $1,750,000 ",Soft, n/a ,, n/a ,, n/a ,, n/a ,, n/a ,, n/a ,,8/25/14,12/10/14,4/8/16,12/10/16,55.0,54.0,1.0,92336,0.0," 54,291 ",Family,CA,b,2016
85,35037," $28,269,690 "," $26,639,690 "," $20,176,500 "," $165,233 "," $1,464,767 "," $14,281,900 ", $-   , Historic Rehab ,11.0," $3,362,000 ",Hard," $550,000 ",Soft," $486,602 ",Soft," $950,000 ",Soft," $1,000,000 ",Soft," $708,510 ",Soft," $400,000 ",Soft," $600,000 ",Soft," $300,000 ",Soft," $6,000,000 ",Soft,9/27/15,9/11/15,12/29/16,12/15/17,73.0,73.0,0.0,01840,1.0," 78,131 ",Family,MA,b,2016
86,35038," $7,621,584 "," $7,283,983 "," $5,212,122 ", $-   ," $337,601 "," $4,148,806 ", $-   , New ,3.0," $826,000 ",Hard," $1,522,000 ",Hard, n/a ,, n/a ,, n/a ,, n/a ,, n/a ,, n/a ,, n/a ,, n/a ,,7/23/14,4/27/15,4/29/16,4/24/17,36.0,36.0,0.0,82609,1.0," 39,064 ",Family,WY,b,2016
87,35039," $8,171,952 "," $7,891,909 "," $5,532,594 ", $-   ," $280,043 "," $6,005,142 ", $-   , New ,2.0," $1,500,000 ",Hard, n/a ,, n/a ,, n/a ,, n/a ,, n/a ,, n/a ,, n/a ,, n/a ,, n/a ,,11/12/14,11/20/14,11/30/15,7/16/16,48.0,47.0,1.0,82007,3.0," 49,426 ",Family,WY,b,2015
88,35040," $11,308,509 "," $4,880,180 "," $4,392,120 "," $5,637,529 "," $790,800 "," $4,546,455 ", $-   , Rehab ,3.0," $6,500,000 ",Hard," $1,183,277 ",Soft, n/a ,, n/a ,, n/a ,, n/a ,, n/a ,, n/a ,, n/a ,, n/a ,,3/30/15,4/1/15,12/31/15,5/17/16,56.0,55.0,1.0,04102,2.0," 36,748 ",Elderly,ME,b,2015
89,35042," $2,884,162 "," $1,847,614 "," $1,847,614 "," $944,548 "," $92,000 "," $2,509,310 ", $-   , Rehab ,3.0," $857,000 ",Hard," $920,000 ",Soft, n/a ,, n/a ,, n/a ,, n/a ,, n/a ,, n/a ,, n/a ,, n/a ,,10/30/14,11/10/14,9/18/15,2/1/16,40.0,40.0,0.0,53190,3.0," 31,860 ",Family,WI,b,2015
90,35043," $11,829,766 "," $11,829,766 "," $10,318,182 ", $-   , $-   ," $6,440,632 ", $-   , New ,5.0," $300,000 ",Hard," $674,892 ",Soft," $1,000,000 ",Soft," $1,000,000 ",Soft, n/a ,, n/a ,, n/a ,, n/a ,, n/a ,, n/a ,,2/1/15,11/3/14,1/29/16,12/20/16,40.0,40.0,0.0,01267,1.0," 26,184 ",Elderly,MA,b,2016
91,35044," $3,347,439 "," $2,159,000 "," $1,576,958 "," $1,135,439 "," $53,000 "," $1,927,920 ", $-   , Rehab ,3.0," $550,000 ",Hard," $1,143,160 ",Hard, n/a ,, n/a ,, n/a ,, n/a ,, n/a ,, n/a ,, n/a ,, n/a ,,1/1/15,2/1/15,1/11/16,6/1/16,39.0,39.0,0.0,23974,1.0," 20,358 ",Elderly,VA,b,2016
92,35045," $2,076,744 "," $2,076,744 "," $1,977,706 ", $-   , $-   ," $2,712,167 ", $-   , Rehab ,4.0," $1,300,000 ",Hard," $503,504 ",Soft," $428,350 ",Soft, n/a ,, n/a ,, n/a ,, n/a ,, n/a ,, n/a ,, n/a ,,1/30/15,3/10/15,11/23/15,2/15/16,54.0,53.0,1.0,54848,5.0," 40,019 ",Elderly,WI,b,2015
93,35046," $15,882,264 "," $14,285,797 "," $8,428,223 ", $-   ," $1,596,467 "," $10,890,083 ", $-   , New ,3.0," $1,600,000 ",Hard," $2,000,000 ",Soft, n/a ,, n/a ,, n/a ,, n/a ,, n/a ,, n/a ,, n/a ,, n/a ,,11/25/14,1/19/15,11/19/15,9/30/16,80.0,79.0,1.0,93257,10.0," 73,600 ",Family,CA,b,2015
94,35047," $7,320,070 "," $5,220,070 "," $3,796,471 "," $1,850,000 "," $250,000 "," $5,159,340 ", $-   , Rehab ,4.0," $1,625,000 ",Hard," $649,589 ",Soft," $500,000 ",Soft, n/a ,, n/a ,, n/a ,, n/a ,, n/a ,, n/a ,, n/a ,,4/27/15,4/4/15,3/22/16,7/21/16,50.0,50.0,0.0,85607,32.0," 43,011 ",Family,AZ,b,2016
95,35048," $3,522,475 "," $2,072,857 "," $1,781,733 "," $1,239,618 "," $210,000 "," $2,172,555 ", $-   , Rehab ,3.0," $1,370,270 ",Hard," $335,000 ",Soft, n/a ,, n/a ,, n/a ,, n/a ,, n/a ,, n/a ,, n/a ,, n/a ,,1/15/16,7/20/16,12/29/16,5/14/18,38.0,37.0,1.0,24450,1.0," 21,660 ",Elderly,VA,b,2016
96,35050," $32,617,190 "," $11,994,406 "," $10,808,545 "," $16,622,784 "," $4,000,000 "," $12,066,727 ", $-   , Rehab ,3.0," $17,825,000 ",Hard," $9,070,000 ",Soft, n/a ,, n/a ,, n/a ,, n/a ,, n/a ,, n/a ,, n/a ,, n/a ,,11/1/14,12/1/14,12/17/15,1/1/16,156.0,154.0,2.0,92101,1.0," 92,140 ",Elderly,CA,b,2015
97,35051," $5,311,979 "," $4,793,600 "," $4,314,243 ", $-   ," $518,379 "," $5,391,857 ", $-   , New ,3.0," $1,503,500 ",Hard," $700,000 ",Soft, n/a ,, n/a ,, n/a ,, n/a ,, n/a ,, n/a ,, n/a ,, n/a ,,12/31/14,1/5/15,12/10/15,1/31/17,40.0,40.0,0.0,29910-6291,3.0," 42,800 ",Family,SC,b,2015
98,35053," $5,437,959 "," $4,876,959 "," $3,981,036 ", $-   ," $561,000 "," $3,393,493 ", $-   , New ,5.0," $1,175,000 ",Hard," $715,000 ",Soft," $750,000 ",Soft," $400,000 ",Soft, n/a ,, n/a ,, n/a ,, n/a ,, n/a ,, n/a ,,5/1/15,5/13/15,1/21/16,7/27/16,32.0,32.0,0.0,01462,1.0," 31,838 ",Family,MA,b,2016
99,35055," $13,590,608 "," $13,590,608 "," $10,421,951 ", $-   , $-   ," $5,554,445 ", $-   , New ,5.0," $1,553,692 ",Hard," $2,876,019 ",Soft," $3,062,798 ",Soft," $500,000 ",Soft, n/a ,, n/a ,, n/a ,, n/a ,, n/a ,, n/a ,,10/30/14,6/29/15,7/29/16,8/7/17,52.0,46.0,6.0,60624,8.0," 58,206 ",Family,IL,b,2016
100,35056," $2,451,246 "," $2,451,246 "," $2,206,121 ", $-   , $-   ," $3,031,924 ", $-   , Rehab ,3.0," $631,586 ",Hard," $1,587,141 ",Soft, n/a ,, n/a ,, n/a ,, n/a ,, n/a ,, n/a ,, n/a ,, n/a ,,5/1/15,5/7/15,3/30/16,10/1/15,69.0,69.0,0.0,28379,17.0," 47,746 ",Family,NC,b,2016
101,35058," $18,695,829 "," $18,695,829 "," $11,652,943 ", $-   , $-   ," $9,157,402 ", $-   , New ,5.0," $9,170,000 ",Hard," $1,017,670 ",Soft," $513,434 ",Soft," $1,600,000 ",Soft, n/a ,, n/a ,, n/a ,, n/a ,, n/a ,, n/a ,,2/1/15,3/24/15,8/31/16,4/28/17,90.0,89.0,1.0,92131,8.0," 82,770 ",Family,CA,b,2016
102,35059," $15,207,844 "," $14,587,844 "," $9,219,892 ", $-   ," $620,000 "," $10,390,294 ", $-   , New ,7.0," $625,000 ",Hard," $1,750,000 ",Soft," $500,000 ",Soft," $150,000 ",Soft," $189,444 ",Soft," $500,000 ",Soft, n/a ,, n/a ,, n/a ,, n/a ,,7/17/15,7/9/15,5/31/16,11/1/16,75.0,75.0,0.0,21853,3.0," 65,208 ",Family,MD,b,2016
103,35061," $11,031,238 "," $10,431,238 "," $9,265,657 ", $-   ," $600,000 "," $9,915,772 ", $-   , New ,2.0," $2,558,727 ",Hard, n/a ,, n/a ,, n/a ,, n/a ,, n/a ,, n/a ,, n/a ,, n/a ,, n/a ,,12/31/14,10/1/15,12/30/16,3/28/18,118.0,118.0,0.0,37323,14.0," 114,100 ",Family,TN,b,2016
104,35062," $6,285,749 "," $5,785,749 "," $5,785,748 ", $-   ," $500,000 "," $5,122,860 ", $-   , New ,4.0," $1,800,000 ",Hard," $690,302 ",Soft," $500,000 ",Soft, n/a ,, n/a ,, n/a ,, n/a ,, n/a ,, n/a ,, n/a ,,9/18/15,10/19/15,1/5/17,8/1/17,72.0,72.0,0.0,27406,3.0," 75,240 ",Family,NC,b,2017
105,35063," $5,368,159 "," $4,798,159 "," $4,798,159 ", $-   ," $570,000 "," $4,502,293 ", $-   , New ,4.0," $990,572 ",Hard," $1,106,305 ",Soft," $500,000 ",Soft, n/a ,, n/a ,, n/a ,, n/a ,, n/a ,, n/a ,, n/a ,,8/20/15,10/7/15,11/30/16,6/21/17,60.0,60.0,0.0,27288,2.0," 64,440 ",Family,NC,b,2016
106,35064," $9,517,812 "," $9,014,229 "," $7,651,713 ", $-   ," $503,583 "," $8,382,837 ", $-   , New ,2.0," $2,203,534 ",Hard, n/a ,, n/a ,, n/a ,, n/a ,, n/a ,, n/a ,, n/a ,, n/a ,, n/a ,,4/30/15,4/14/15,8/5/16,5/1/16,72.0,69.0,3.0,76522,6.0," 82,004 ",Family,TX,b,2016
107,35065," $8,084,102 "," $4,084,102 "," $2,527,655 "," $3,200,000 "," $800,000 "," $3,375,354 ", $-   , Historic Rehab ,4.0," $3,705,000 ",Hard," $385,000 ",Hard," $660,000 ",Soft, n/a ,, n/a ,, n/a ,, n/a ,, n/a ,, n/a ,, n/a ,,12/31/14,3/16/15,12/22/15,4/1/16,88.0,88.0,0.0,14701,1.0," 54,087 ",Elderly,NY,b,2015
108,35067," $6,989,762 "," $6,689,762 "," $5,330,442 ", $-   ," $300,000 "," $3,794,621 ", $-   , New ,3.0," $1,060,000 ",Hard," $1,950,495 ",Soft, n/a ,, n/a ,, n/a ,, n/a ,, n/a ,, n/a ,, n/a ,, n/a ,,2/1/16,2/1/16,12/9/16,7/23/18,48.0,48.0,0.0,28170,6.0," 49,680 ",Family,NC,b,2016
109,35068," $5,410,880 "," $3,562,628 "," $2,221,525 "," $1,427,615 "," $420,637 "," $1,383,579 ", $-   , Rehab ,3.0," $3,458,000 ",Hard," $275,000 ",Soft, n/a ,, n/a ,, n/a ,, n/a ,, n/a ,, n/a ,, n/a ,, n/a ,,11/18/14,12/1/14,1/25/16,3/1/16,66.0,66.0,0.0,63125,7.0," 46,198 ",Family,MO,b,2016
110,35069," $9,371,027 "," $9,370,027 "," $7,891,199 ", $-   ," $1,000 "," $8,051,194 ", $-   , New ,3.0," $2,035,139 ",Soft," $101,000 ",Soft, n/a ,, n/a ,, n/a ,, n/a ,, n/a ,, n/a ,, n/a ,, n/a ,,2/27/15,3/19/15,6/22/16,10/14/16,40.0,40.0,0.0,13421,0.0," 36,280 ",Family,NY,b,2016
111,35070," $11,531,729 "," $11,531,429 "," $8,962,150 ", $150 , $150 ," $3,964,896 ", $-   , New ,10.0," $175,000 ",Hard," $411,232 ",Soft," $729,265 ",Soft," $1,808,055 ",Soft," $972,334 ",Soft," $500,000 ",Soft," $2,055,145 ",Soft," $649,402 ",Soft," $1,280,018 ",Soft, n/a ,,3/1/15,3/16/15,11/17/16,6/20/17,24.0,23.0,1.0,02127,2.0," 15,606 ",Family,MA,b,2016
112,35071," $9,077,001 "," $3,114,755 "," $1,886,551 "," $5,962,246 ", $-   ," $3,206,904 ", $-   , Rehab ,5.0," $2,350,000 ",Hard," $398,403 ",Hard," $232,591 ",Hard," $3,485,000 ",Soft, n/a ,, n/a ,, n/a ,, n/a ,, n/a ,, n/a ,,4/9/15,5/5/15,12/30/15,1/13/17,51.0,50.0,1.0,98004,1.0," 33,072 ",Elderly,WA,b,2015
113,35072," $17,415,435 "," $10,734,579 "," $9,637,002 "," $6,260,856 "," $420,000 "," $10,238,022 ", $-   , Rehab ,7.0," $1,450,000 ",Hard," $4,662,000 ",Hard," $500,000 ",Soft," $2,065,989 ",Soft," $1,300,000 ",Soft," $12,865 ",Soft, n/a ,, n/a ,, n/a ,, n/a ,,3/24/15,4/11/15,4/6/16,12/2/16,192.0,183.0,9.0,32901,1.0," 110,562 ",Elderly,FL,b,2016
114,35073," $5,054,288 "," $4,243,562 "," $4,031,384 ", $-   ," $810,726 "," $3,279,932 ", $-   , New ,3.0," $1,250,000 ",Hard," $1,505,854 ",Soft, n/a ,, n/a ,, n/a ,, n/a ,, n/a ,, n/a ,, n/a ,, n/a ,,8/5/15,9/10/15,11/9/16,5/4/17,48.0,48.0,0.0,28697,2.0," 50,176 ",Family,NC,b,2016
115,35074," $5,036,523 "," $4,612,384 "," $3,838,937 ", $-   ," $424,139 "," $4,049,597 ", $-   , New ,4.0," $210,000 ",Hard," $870,000 ",Soft," $437,000 ",Soft, n/a ,, n/a ,, n/a ,, n/a ,, n/a ,, n/a ,, n/a ,,7/1/15,8/7/15,7/29/16,2/10/17,30.0,30.0,0.0,03860,1.0," 23,790 ",Elderly,NH,b,2016
116,35076," $5,508,975 "," $5,201,285 "," $5,201,285 ", $-   ," $307,690 "," $4,132,506 ", $-   , New ,4.0," $1,476,000 ",Hard," $1,101,232 ",Soft," $500,000 ",Soft, n/a ,, n/a ,, n/a ,, n/a ,, n/a ,, n/a ,, n/a ,,2/5/16,11/19/15,12/30/16,3/1/18,56.0,56.0,0.0,28092,3.0," 58,436 ",Family,NC,b,2016
117,35077," $6,878,539 "," $6,360,539 "," $4,730,781 ", $-   ," $518,000 "," $6,128,298 ", $-   , New ,2.0," $870,000 ",Hard, n/a ,, n/a ,, n/a ,, n/a ,, n/a ,, n/a ,, n/a ,, n/a ,, n/a ,,4/29/15,10/21/15,5/17/17,8/30/19,64.0,64.0,0.0,38506,8.0," 61,328 ",Elderly,TN,b,2017
118,35078," $8,851,668 "," $8,851,668 "," $7,875,489 ", $-   , $-   ," $8,431,765 ", $-   , New ,2.0," $1,800,000 ",Hard, n/a ,, n/a ,, n/a ,, n/a ,, n/a ,, n/a ,, n/a ,, n/a ,, n/a ,,6/30/16,8/1/16,12/21/17,1/30/19,88.0,88.0,0.0,38501,11.0," 93,532 ",Family,TN,b,2017
119,35080," $29,909,713 "," $27,937,064 "," $19,700,363 ", $-   ," $1,972,649 "," $14,548,544 ", $-   , New ,2.0," $17,614,100 ",Hard, n/a ,, n/a ,, n/a ,, n/a ,, n/a ,, n/a ,, n/a ,, n/a ,, n/a ,,12/17/14,6/11/15,12/30/16,6/29/17,182.0,130.0,52.0,75070,7.0," 178,780 ",Family,TX,b,2016
120,35081," $36,394,558 "," $23,894,558 "," $23,895,157 "," $7,601,110 "," $4,898,890 "," $16,963,677 ", $-   , Historic Rehab ,11.0," $2,233,318 ",Soft," $1,250,000 ",Soft," $2,000,000 ",Soft," $500,000 ",Soft," $4,371,000 ",Soft," $900,000 ",Soft," $500,000 ",Soft," $1,000,000 ",Soft," $5,349,068 ",Soft," $9,878,151 ",Soft,4/30/15,5/6/15,1/25/18,7/24/18,97.0,94.0,3.0,02108,1.0," 30,500 ",Single Resident Occupancy,MA,b,2018
121,35082," $12,776,446 "," $11,726,446 "," $7,743,120 ", $-   ," $1,050,000 "," $10,288,972 ", $-   , New ,2.0," $2,250,000 ",Hard, n/a ,, n/a ,, n/a ,, n/a ,, n/a ,, n/a ,, n/a ,, n/a ,, n/a ,,8/7/15,8/10/15,1/23/17,11/30/17,42.0,41.0,1.0,33037,1.0," 27,560 ",Elderly,FL,b,2017
122,35085," $6,493,019 "," $6,311,415 "," $4,840,348 ", $-   ," $181,604 "," $4,809,711 ", $-   , New ,3.0," $1,000,000 ",Soft," $750,000 ",Soft, n/a ,, n/a ,, n/a ,, n/a ,, n/a ,, n/a ,, n/a ,, n/a ,,5/28/15,5/27/15,5/20/16,8/23/17,36.0,36.0,0.0,59270,3.0," 33,270 ",Family,MT,b,2016
123,35089," $9,719,789 "," $9,317,789 "," $6,634,404 "," $118,000 "," $284,000 "," $7,586,831 ", $-   , Rehab ,4.0," $1,050,000 ",Hard," $750,000 ",Hard," $480,000 ",Soft, n/a ,, n/a ,, n/a ,, n/a ,, n/a ,, n/a ,, n/a ,,12/11/15,12/16/15,4/24/17,2/23/18,50.0,49.0,1.0,82601,1.0," 32,250 ",Family,WY,b,2017
124,35090," $1,824,539 "," $1,744,539 "," $1,744,539 ", $-   ," $80,000 "," $1,978,565 ", $-   , New ,2.0," $327,000 ",Hard, n/a ,, n/a ,, n/a ,, n/a ,, n/a ,, n/a ,, n/a ,, n/a ,, n/a ,,11/20/15,11/12/15,10/21/16,3/15/17,12.0,12.0,0.0,82501,2.0," 12,200 ",Family,WY,b,2016
125,35091," $1,706,346 "," $1,706,346 "," $1,706,346 ", $-   , $-   ," $1,906,301 ", $-   , New ,2.0," $252,232 ",Hard, n/a ,, n/a ,, n/a ,, n/a ,, n/a ,, n/a ,, n/a ,, n/a ,, n/a ,,11/13/15,11/12/15,8/31/16,4/10/17,12.0,12.0,0.0,82501,2.0," 9,000 ",Elderly,WY,b,2016
126,35092," $14,741,407 "," $6,341,407 "," $6,341,407 "," $7,064,650 "," $1,335,350 "," $6,935,217 ", $-   , Rehab ,3.0," $5,291,800 ",Hard," $8,400,000 ",Soft, n/a ,, n/a ,, n/a ,, n/a ,, n/a ,, n/a ,, n/a ,, n/a ,,9/1/16,9/26/16,7/9/18,5/1/18,96.0,96.0,0.0,33441,7.0," 71,712 ",Family,FL,b,2018
127,35093," $2,343,588 "," $1,413,588 "," $1,014,479 "," $785,000 "," $145,000 "," $1,567,715 ", $-   , Rehab ,2.0," $596,225 ",Hard, n/a ,, n/a ,, n/a ,, n/a ,, n/a ,, n/a ,, n/a ,, n/a ,, n/a ,,6/30/15,7/1/15,11/15/15,4/11/16,21.0,21.0,0.0,84102,1.0," 9,733 ",Family,UT,b,2015
128,35094," $3,139,811 "," $1,829,811 "," $1,423,503 "," $1,020,000 "," $290,000 "," $1,710,166 ", $-   , Rehab ,3.0," $1,790,200 ",Hard," $104,158 ",Soft, n/a ,, n/a ,, n/a ,, n/a ,, n/a ,, n/a ,, n/a ,, n/a ,,4/25/16,4/25/16,10/4/16,12/22/16,25.0,25.0,0.0,84037,5.0," 22,225 ",Family,UT,b,2016
129,35095," $9,091,206 "," $6,502,286 "," $4,061,943 "," $1,688,920 "," $900,000 "," $3,301,280 ", $-   , Rehab ,10.0," $500,000 ",Soft," $939,286 ",Soft," $829,234 ",Soft," $1,000,000 ",Soft," $296,000 ",Soft," $170,400 ",Soft," $1,000,000 ",Soft," $500,000 ",Soft," $500,000 ",Soft, n/a ,,4/28/15,4/28/15,8/16/16,6/15/17,31.0,31.0,0.0,02446,2.0," 7,440 ",Family,MA,b,2016
130,35097," $23,241,198 "," $20,566,198 "," $12,045,545 "," $2,675,000 ", $-   ," $13,611,269 ", $-   , Rehab ,4.0," $4,183,000 ",Hard," $1,376,995 ",Soft," $200,000 ",Soft, n/a ,, n/a ,, n/a ,, n/a ,, n/a ,, n/a ,, n/a ,,12/21/15,1/4/16,8/31/17,12/14/17,71.0,63.0,8.0,21221,9.0," 58,973 ",Family,MD,b,2017
131,35098," $28,336,320 "," $14,336,320 "," $10,351,893 "," $11,250,000 "," $2,750,000 "," $5,137,012 ", $-   , Rehab ,9.0," $12,600,000 ",Hard," $1,200,000 ",Soft," $7,665,263 ",Soft," $968,323 ",Soft," $745,643 ",Soft," $300,000 ",Soft," $372,827 ",Soft," $290,935 ",Soft, n/a ,, n/a ,,7/29/15,7/29/15,12/4/16,6/27/17,125.0,72.0,53.0,01773,19.0," 117,680 ",Family,MA,b,2016
132,35099," $21,372,278 "," $20,387,278 "," $14,907,962 ", $-   ," $985,000 "," $14,548,545 ", $-   , New ,4.0," $4,920,000 ",Hard," $1,147,110 ",Soft," $2,540,852 ",Soft, n/a ,, n/a ,, n/a ,, n/a ,, n/a ,, n/a ,, n/a ,,11/24/15,12/4/15,2/28/17,8/8/17,100.0,90.0,10.0,20710,1.0," 77,377 ",Family,MD,b,2017
133,35100," $6,346,056 "," $6,064,005 "," $5,445,034 ", $-   ," $282,051 "," $6,051,814 ", $-   , New ,2.0," $875,000 ",Hard, n/a ,, n/a ,, n/a ,, n/a ,, n/a ,, n/a ,, n/a ,, n/a ,, n/a ,,8/13/15,6/15/15,5/5/16,11/11/17,40.0,39.0,1.0,58854,1.0," 32,269 ",Elderly,ND,b,2016
134,35101," $28,148,277 "," $24,658,277 "," $13,542,594 ", $-   ," $3,490,000 "," $9,029,228 ", $-   , New ,6.0," $6,300,000 ",Hard," $5,000,000 ",Soft," $457,600 ",Soft," $2,000,000 ",Soft," $100,000 ",Soft, n/a ,, n/a ,, n/a ,, n/a ,, n/a ,,10/1/15,10/15/15,4/20/17,10/7/17,92.0,92.0,0.0,33064,12.0," 114,105 ",Family,FL,b,2017
135,35102," $8,288,520 "," $5,314,383 "," $5,314,383 "," $2,474,137 "," $500,000 "," $3,870,835 ", $-   , Rehab ,5.0," $1,670,000 ",Hard," $2,902,904 ",Hard," $2,500,000 ",Soft," $150,000 ",Soft, n/a ,, n/a ,, n/a ,, n/a ,, n/a ,, n/a ,,5/28/15,6/9/15,9/12/16,4/1/16,100.0,100.0,0.0,21851,13.0," 82,340 ",Family,MD,b,2016
136,35103," $4,862,838 "," $4,229,838 "," $3,592,315 ", $-   ," $633,000 "," $4,184,580 ", $-   , New ,4.0," $457,000 ",Hard," $511,419 ",Soft," $558,000 ",Soft, n/a ,, n/a ,, n/a ,, n/a ,, n/a ,, n/a ,, n/a ,,8/26/15,9/7/15,6/3/16,3/7/17,31.0,31.0,0.0,03060,1.0," 20,615 ",Elderly,NH,b,2016
137,35105," $3,459,679 "," $3,279,679 "," $3,279,678 ", $-   ," $180,000 "," $3,388,569 ", $-   , New ,3.0," $346,041 ",Hard," $560,000 ",Soft, n/a ,, n/a ,, n/a ,, n/a ,, n/a ,, n/a ,, n/a ,, n/a ,,10/1/15,11/1/15,10/11/16,2/24/17,32.0,32.0,0.0,42101,4.0," 19,840 ",Elderly,KY,b,2016
138,35106," $2,721,459 "," $2,251,459 "," $2,251,459 "," $230,000 "," $240,000 "," $2,619,608 ", $-   , Rehab ,3.0," $470,000 ",Soft," $480,000 ",Soft, n/a ,, n/a ,, n/a ,, n/a ,, n/a ,, n/a ,, n/a ,, n/a ,,1/1/16,3/28/16,12/14/16,3/1/17,48.0,48.0,0.0,42240,1.0," 32,590 ",Elderly,KY,b,2016
139,35107," $14,843,844 "," $9,775,644 "," $3,275,223 "," $4,048,200 "," $1,020,000 "," $2,914,111 ", $-   , Rehab ,2.0," $7,600,000 ",Hard, n/a ,, n/a ,, n/a ,, n/a ,, n/a ,, n/a ,, n/a ,, n/a ,, n/a ,,9/11/15,9/16/15,11/30/16,4/13/17,102.0,102.0,0.0,23323,13.0," 89,310 ",Family,VA,b,2016
140,35108," $15,490,640 "," $14,640,640 "," $11,799,784 ", $-   ," $850,000 "," $7,357,064 ", $-   , New ,3.0," $4,800,000 ",Hard," $5,567,325 ",Soft, n/a ,, n/a ,, n/a ,, n/a ,, n/a ,, n/a ,, n/a ,, n/a ,,8/1/15,9/1/15,9/29/16,6/1/17,68.0,68.0,0.0,98144,1.0," 39,608 ",Family,WA,b,2016
141,35109," $29,249,928 "," $16,529,928 "," $12,225,350 "," $9,850,000 "," $2,870,000 "," $9,224,959 ", $-   , Rehab ,5.0," $6,116,778 ",Hard," $11,448,000 ",Soft," $1,613,327 ",Soft," $1,898,330 ",Soft, n/a ,, n/a ,, n/a ,, n/a ,, n/a ,, n/a ,,12/1/15,1/30/16,4/26/17,7/1/17,141.0,140.0,1.0,20902,1.0," 63,450 ",Elderly,MD,b,2017
142,35110," $6,727,492 "," $6,727,492 "," $5,571,113 ", $-   , $-   ," $5,038,381 ", $-   , New ,5.0," $1,441,609 ",Hard," $109,179 ",Hard," $645,724 ",Soft," $500,000 ",Soft, n/a ,, n/a ,, n/a ,, n/a ,, n/a ,, n/a ,,1/1/16,2/1/16,12/2/16,5/24/17,45.0,36.0,9.0,04101,1.0," 27,234 ",Family,ME,b,2016
143,35111," $13,939,855 "," $4,716,835 "," $4,303,414 "," $8,571,394 "," $651,626 "," $5,083,286 ", $-   , Rehab ,5.0," $8,120,000 ",Hard," $1,420,000 ",Soft," $1,000,000 ",Soft," $981,819 ",Soft, n/a ,, n/a ,, n/a ,, n/a ,, n/a ,, n/a ,,8/1/15,8/17/15,2/15/17,9/1/17,142.0,142.0,0.0,89523,9.0," 122,300 ",Family,NV,b,2017
144,35112," $19,506,989 "," $18,106,989 "," $17,241,189 ", $-   ," $1,400,000 "," $9,740,693 ", $-   , Historic Rehab ,4.0," $5,100,000 ",Hard," $4,405,000 ",Soft," $4,500,000 ",Soft, n/a ,, n/a ,, n/a ,, n/a ,, n/a ,, n/a ,, n/a ,,11/18/15,12/29/15,10/16/17,2/28/18,83.0,83.0,0.0,06066,1.0," 65,083 ",Family,CT,b,2017
145,35113," $26,753,615 "," $15,253,615 "," $12,085,230 "," $10,925,000 "," $575,000 "," $10,382,012 ", $-   , Rehab ,5.0," $6,500,000 ",Hard," $2,500,000 ",Soft," $7,500,000 ",Soft," $2,750,000 ",Soft, n/a ,, n/a ,, n/a ,, n/a ,, n/a ,, n/a ,,9/1/15,9/14/15,11/23/16,4/1/18,137.0,137.0,0.0,98660,55.0," 108,133 ",Family,WA,b,2016
146,35116," $7,987,460 "," $3,487,460 "," $3,487,460 "," $4,500,000 ", $-   ," $3,481,859 ", $-   , Rehab ,2.0," $6,325,000 ",Hard, n/a ,, n/a ,, n/a ,, n/a ,, n/a ,, n/a ,, n/a ,, n/a ,, n/a ,,9/18/15,10/3/15,9/6/16,12/1/16,92.0,92.0,0.0,23324,13.0," 95,656 ",Family,VA,b,2016
147,35117," $3,704,114 "," $3,704,114 "," $3,703,940 ", $-   , $-   ," $3,989,301 ", $-   , New/Rehab ,6.0," $6,776,100 ",Soft," $400,000 ",Soft," $826,000 ",Soft," $1,080,000 ",Soft," $500,000 ",Soft, n/a ,, n/a ,, n/a ,, n/a ,, n/a ,,12/8/15,7/1/15,6/1/16,1/30/17,40.0,39.0,1.0,01503,1.0," 21,860 ",Elderly,MA,b,2016
148,35119," $3,677,962 "," $1,852,502 "," $1,683,722 "," $1,725,460 "," $100,000 "," $2,587,573 ", $-   , Rehab ,5.0," $1,185,000 ",Hard," $77,000 ",Hard," $383,692 ",Hard," $81,827 ",Soft, n/a ,, n/a ,, n/a ,, n/a ,, n/a ,, n/a ,,8/1/15,9/21/15,6/30/16,9/29/16,40.0,40.0,0.0,54241,4.0," 41,495 ",Family,WI,b,2016
149,35120," $10,333,686 "," $4,183,686 "," $4,183,686 "," $5,210,000 "," $940,000 "," $3,676,314 ", $-   , Rehab ,4.0," $7,538,165 ",Hard," $1,170,835 ",Hard," $975,000 ",Soft, n/a ,, n/a ,, n/a ,, n/a ,, n/a ,, n/a ,, n/a ,,3/1/16,4/14/16,3/2/17,4/1/17,68.0,68.0,0.0,20746,3.0," 50,513 ",Family,MD,b,2017
150,35121," $36,555,555 "," $33,367,559 "," $21,475,720 ", $-   ," $3,187,996 "," $10,374,344 ", $-   , New ,3.0," $15,450,000 ",Hard," $4,000,000 ",Soft, n/a ,, n/a ,, n/a ,, n/a ,, n/a ,, n/a ,, n/a ,, n/a ,,6/15/15,8/2/16,12/27/17,9/1/18,140.0,139.0,1.0,80504,14.0," 145,932 ",Family,CO,b,2017
151,35125," $7,593,772 "," $7,168,772 "," $4,852,010 ", $-   ," $425,000 "," $5,593,879 ", $-   , New ,3.0," $1,270,893 ",Hard," $600,000 ",Soft, n/a ,, n/a ,, n/a ,, n/a ,, n/a ,, n/a ,, n/a ,, n/a ,,10/5/15,9/30/15,10/28/16,6/23/17,40.0,39.0,1.0,58503,1.0," 33,388 ",Elderly,ND,b,2016
152,35126," $37,212,676 "," $35,572,176 "," $29,056,602 ", $-   ," $1,640,500 "," $12,932,678 "," $1,799,769 ", New ,4.0," $26,000,000 ",Hard," $500,000 ",Soft, n/a ,, n/a ,, n/a ,, n/a ,, n/a ,, n/a ,, n/a ,, n/a ,,9/1/15,10/15/15,10/18/17,3/25/18,240.0,240.0,0.0,80504,10.0," 220,698 ",Family,CO,b,2017
153,35127," $7,377,312 "," $4,477,312 "," $4,253,447 "," $2,435,000 "," $465,000 "," $3,358,403 ", $-   , Rehab ,5.0," $1,975,000 ",Hard," $2,080,858 ",Hard," $2,500,000 ",Soft," $150,000 ",Soft, n/a ,, n/a ,, n/a ,, n/a ,, n/a ,, n/a ,,10/1/15,10/1/15,10/20/16,2/1/17,88.0,88.0,0.0,21632,11.0," 69,872 ",Family,MD,b,2016
154,35128," $14,899,775 "," $13,939,775 "," $10,976,849 ", $-   ," $960,000 "," $7,706,721 ", $-   , New ,4.0," $4,200,000 ",Hard," $500,000 ",Soft," $500,000 ",Soft, n/a ,, n/a ,, n/a ,, n/a ,, n/a ,, n/a ,, n/a ,,3/31/16,3/31/16,4/21/17,3/20/18,80.0,68.0,12.0,53719,2.0," 74,700 ",Family,WI,b,2017
155,35129," $4,305,811 "," $4,181,720 "," $3,442,112 ", $-   ," $124,091 "," $1,297,022 ", $-   , New ,4.0," $1,000,000 ",Hard," $441,500 ",Hard," $2,000,000 ",Soft, n/a ,, n/a ,, n/a ,, n/a ,, n/a ,, n/a ,, n/a ,,12/18/15,11/1/15,8/10/16,9/22/16,24.0,24.0,0.0,04953,1.0," 14,448 ",Elderly,ME,b,2016
156,35130," $39,447,336 "," $36,744,341 "," $28,920,136 ", $-   ," $2,702,995 "," $13,282,474 ", $-   , New ,3.0," $26,750,000 ",Hard," $2,500,000 ",Soft, n/a ,, n/a ,, n/a ,, n/a ,, n/a ,, n/a ,, n/a ,, n/a ,,9/1/15,10/8/15,10/10/17,3/1/18,264.0,264.0,0.0,80134,11.0," 242,022 ",Family,CO,b,2017
157,35131," $13,487,339 "," $13,467,240 "," $8,616,180 ", $-   ," $20,099 "," $8,538,391 ", $-   , New ,4.0," $500,000 ",Hard," $2,798,214 ",Soft," $1,000,000 ",Soft, n/a ,, n/a ,, n/a ,, n/a ,, n/a ,, n/a ,, n/a ,,12/1/15,12/11/15,12/7/17,6/8/18,39.0,38.0,1.0,92509,3.0," 42,467 ",Family,CA,b,2017
158,35132," $15,389,312 "," $4,989,312 "," $4,989,313 "," $10,400,000 ", $-   ," $6,343,366 ", $-   , Rehab ,3.0," $4,582,000 ",Hard," $10,400,000 ",Soft, n/a ,, n/a ,, n/a ,, n/a ,, n/a ,, n/a ,, n/a ,, n/a ,,11/1/16,2/2/17,6/8/18,2/20/19,95.0,85.0,10.0,10604,1.0," 64,760 ",Family,NY,b,2018
159,35133," $7,298,903 "," $2,995,695 "," $2,995,695 "," $4,268,208 "," $35,000 "," $2,829,294 ", $-   , Rehab ,3.0," $6,584,800 ",Hard," $415,200 ",Hard, n/a ,, n/a ,, n/a ,, n/a ,, n/a ,, n/a ,, n/a ,, n/a ,,12/1/15,12/10/15,11/30/16,4/1/17,92.0,92.0,0.0,75801,12.0," 86,210 ",Family,TX,b,2016
160,35135," $10,581,806 "," $10,410,659 "," $8,786,210 ", $-   ," $171,147 "," $6,480,116 ", $-   , New ,6.0," $1,300,000 ",Hard," $1,628,628 ",Soft," $254,914 ",Soft," $750,000 ",Soft," $741,000 ",Soft, n/a ,, n/a ,, n/a ,, n/a ,, n/a ,,8/26/15,1/11/16,1/26/17,10/25/17,57.0,50.0,7.0,53110,1.0," 48,991 ",Family,WI,b,2017
161,35136," $6,578,495 "," $6,408,895 "," $4,253,262 ", $-   ," $169,600 "," $4,335,718 ", $-   , New ,3.0," $475,000 ",Hard," $1,140,000 ",Soft, n/a ,, n/a ,, n/a ,, n/a ,, n/a ,, n/a ,, n/a ,, n/a ,,8/26/15,1/5/16,2/10/17,12/29/17,38.0,34.0,4.0,50220,1.0," 36,976 ",Family,IA,b,2017
162,35137," $5,313,578 "," $5,151,090 "," $3,706,214 ", $-   ," $162,488 "," $3,940,106 ", $-   , New ,5.0," $435,000 ",Hard," $25,000 ",Soft," $435,000 ",Soft," $416,000 ",Soft, n/a ,, n/a ,, n/a ,, n/a ,, n/a ,, n/a ,,8/26/15,2/29/16,1/13/17,10/25/17,32.0,29.0,3.0,53105,1.0," 30,720 ",Family,WI,b,2017
163,35138," $24,983,836 "," $24,530,185 "," $19,309,391 ", $-   ," $453,651 "," $11,033,917 ", $-   , New ,2.0," $18,000,000 ",Hard, n/a ,, n/a ,, n/a ,, n/a ,, n/a ,, n/a ,, n/a ,, n/a ,, n/a ,,12/1/15,8/5/15,10/27/16,5/1/18,189.0,189.0,0.0,98003,1.0," 116,648 ",Elderly,WA,b,2016
164,35140," $17,618,815 "," $17,041,891 "," $11,803,391 ", $-   ," $576,924 "," $12,117,335 ", $-   , New ,2.0," $4,251,343 ",Hard, n/a ,, n/a ,, n/a ,, n/a ,, n/a ,, n/a ,, n/a ,, n/a ,, n/a ,,5/1/16,6/28/16,12/19/17,5/26/17,136.0,123.0,13.0,76060,34.0," 120,376 ",Elderly,TX,b,2017
165,35142," $15,980,807 "," $15,580,807 "," $11,305,999 ", $-   ," $400,000 "," $12,469,008 ", $-   , New ,4.0," $1,500,000 ",Hard," $1,400,000 ",Soft, $1 ,Soft, n/a ,, n/a ,, n/a ,, n/a ,, n/a ,, n/a ,, n/a ,,6/28/16,7/5/16,7/26/17,6/29/18,49.0,49.0,0.0,61108,17.0," 55,075 ",Family,IL,b,2017
166,35144," $9,483,115 "," $8,633,115 "," $8,497,395 ", $-   ," $850,000 "," $12,910,043 ", $-   , New ,3.0," $750,000 ",Hard," $717,919 ",Soft, n/a ,, n/a ,, n/a ,, n/a ,, n/a ,, n/a ,, n/a ,, n/a ,,11/4/15,1/27/16,2/24/17,9/16/17,92.0,91.0,1.0,85706,93.0," 72,323 ",Elderly,AZ,b,2017
167,35145," $20,349,992 "," $20,349,992 "," $20,349,332 ", $-   , $-   ," $7,553,169 ", $-   , New ,4.0," $2,975,000 ",Soft," $10,675,000 ",Soft," $1,232,542 ",Soft, n/a ,, n/a ,, n/a ,, n/a ,, n/a ,, n/a ,, n/a ,,12/17/15,1/4/16,1/10/18,12/17/18,48.0,48.0,0.0,02108,1.0," 45,876 ",Family,MA,b,2018
168,35146," $5,972,807 "," $5,972,807 "," $5,972,807 ", $-   , $-   ," $4,773,122 ", $-   , New ,5.0," $2,950,000 ",Hard," $135,000 ",Soft," $500,000 ",Hard," $500,000 ",Soft, n/a ,, n/a ,, n/a ,, n/a ,, n/a ,, n/a ,,2/2/16,11/14/16,12/27/17,5/15/18,30.0,30.0,0.0,20116,5.0," 34,032 ",Family,VA,b,2017
169,35147," $7,943,654 "," $6,918,654 "," $3,859,185 "," $805,000 "," $220,000 "," $5,132,488 ", $-   , Rehab ,3.0," $1,006,107 ",Hard," $750,000 ",Hard, n/a ,, n/a ,, n/a ,, n/a ,, n/a ,, n/a ,, n/a ,, n/a ,,1/21/16,2/9/16,5/18/17,4/1/17,32.0,32.0,0.0,21811,3.0," 33,368 ",Family,MD,b,2017
170,35148," $15,475,957 "," $11,975,957 "," $9,027,124 "," $2,530,000 "," $970,000 "," $10,517,141 ", $-   , Rehab ,6.0," $2,400,000 ",Hard," $23,278 ",Hard," $1,260,264 ",Soft," $1,550,000 ",Soft," $189,736 ",Soft, n/a ,, n/a ,, n/a ,, n/a ,, n/a ,,4/27/16,6/1/16,6/1/17,12/19/17,104.0,104.0,0.0,19973,13.0," 91,520 ",Family,DE,b,2017
171,35149," $26,174,539 "," $9,499,539 "," $7,182,229 "," $16,525,000 "," $150,000 "," $12,479,726 ", $-   , Rehab ,4.0," $6,500,000 ",Hard," $8,375,000 ",Soft," $2,000,000 ",Soft, n/a ,, n/a ,, n/a ,, n/a ,, n/a ,, n/a ,, n/a ,,2/5/16,2/5/16,12/28/16,3/14/18,204.0,200.0,4.0,98201,4.0," 125,169 ",Elderly,WA,b,2016
172,35150," $13,294,117 "," $11,491,073 "," $6,217,825 ", $-   ," $1,803,044 "," $7,494,220 ", $-   , New ,5.0," $2,361,924 ",Hard," $2,100,000 ",Soft," $230,000 ",Soft," $88,000 ",Soft, n/a ,, n/a ,, n/a ,, n/a ,, n/a ,, n/a ,,3/1/16,4/1/16,6/15/17,4/26/18,33.0,32.0,1.0,92025,1.0," 31,075 ",Family,CA,b,2017
173,35151," $11,432,787 "," $9,157,817 "," $4,585,377 "," $2,059,491 "," $215,479 "," $6,564,017 ", $-   , Rehab ,2.0," $2,825,000 ",Hard, n/a ,, n/a ,, n/a ,, n/a ,, n/a ,, n/a ,, n/a ,, n/a ,, n/a ,,9/1/16,9/19/16,9/11/17,3/1/18,57.0,57.0,0.0,86409,11.0," 30,276 ",Elderly,AZ,b,2017
174,35153," $16,069,116 "," $15,104,096 "," $12,520,675 ", $-   ," $965,020 "," $13,574,257 ", $-   , New ,3.0," $3,550,000 ",Hard," $1,100,000 ",Hard, n/a ,, n/a ,, n/a ,, n/a ,, n/a ,, n/a ,, n/a ,, n/a ,,3/3/16,3/3/16,10/17/17,8/31/18,110.0,97.0,13.0,77338,4.0," 106,667 ",Elderly,TX,b,2017
175,35155," $6,977,626 "," $6,077,626 "," $5,007,503 ", $-   ," $900,000 "," $6,036,520 ", $-   , New ,2.0," $1,752,958 ",Hard, n/a ,, n/a ,, n/a ,, n/a ,, n/a ,, n/a ,, n/a ,, n/a ,, n/a ,,2/1/16,2/29/16,12/1/16,8/1/17,48.0,48.0,0.0,29405,1.0," 52,620 ",Family,SC,b,2016
176,35157," $12,931,233 "," $12,931,233 "," $12,173,671 ", $-   , $-   ," $10,689,351 ", $-   , New ,2.0," $5,100,000 ",Hard, n/a ,, n/a ,, n/a ,, n/a ,, n/a ,, n/a ,, n/a ,, n/a ,, n/a ,,12/9/15,7/19/16,6/21/18,1/31/19,114.0,114.0,0.0,37127,15.0," 149,328 ",Family,TN,b,2018
177,35158," $7,992,366 "," $7,142,366 "," $7,142,366 ", $-   ," $850,000 "," $6,595,700 ", $-   , New ,4.0," $1,096,535 ",Hard," $800,000 ",Hard," $2,000,000 ",Soft, n/a ,, n/a ,, n/a ,, n/a ,, n/a ,, n/a ,, n/a ,,12/6/16,8/15/16,9/26/17,9/27/18,84.0,84.0,0.0,27262,4.0," 78,366 ",Family,NC,b,2017
178,35159," $5,655,340 "," $4,955,340 "," $4,955,334 ", $-   ," $700,000 "," $4,409,560 ", $-   , New ,4.0," $1,769,900 ",Hard," $800,000 ",Hard," $361,698 ",Soft, n/a ,, n/a ,, n/a ,, n/a ,, n/a ,, n/a ,, n/a ,,9/20/16,9/27/16,11/29/17,11/26/18,60.0,60.0,0.0,28097,2.0," 60,804 ",Family,NC,b,2017
179,35161," $10,639,793 "," $10,639,738 "," $8,592,302 ", $-   , $55 ," $10,248,659 ", $-   , New ,4.0," $490,000 ",Soft," $490,000 ",Soft," $110,000 ",Soft, n/a ,, n/a ,, n/a ,, n/a ,, n/a ,, n/a ,, n/a ,,8/16/16,10/3/16,2/22/18,6/11/18,49.0,49.0,0.0,80203,1.0," 23,275 ",Family,CO,b,2018
180,35162," $36,834,185 "," $36,834,185 "," $27,395,796 ", $-   , $-   ," $16,573,880 ", $-   , New ,3.0," $20,840,000 ",Hard," $2,040,000 ",Soft, n/a ,, n/a ,, n/a ,, n/a ,, n/a ,, n/a ,, n/a ,, n/a ,,2/1/16,2/19/16,1/30/18,7/27/18,204.0,204.0,0.0,93536,9.0," 182,271 ",Family,CA,b,2018
181,35163," $1,856,087 "," $1,778,587 "," $1,778,587 ", $-   ," $77,500 "," $2,003,392 ", $-   , New ,2.0," $423,655 ",Hard, n/a ,, n/a ,, n/a ,, n/a ,, n/a ,, n/a ,, n/a ,, n/a ,, n/a ,,5/18/16,5/19/16,4/19/17,1/8/18,12.0,12.0,0.0,82201,1.0," 12,396 ",Family,WY,b,2017
182,35164," $9,051,749 "," $8,669,749 "," $7,542,384 ", $-   ," $382,000 "," $6,740,455 ", $-   , New ,3.0," $1,950,000 ",Hard," $1,480,000 ",Hard, n/a ,, n/a ,, n/a ,, n/a ,, n/a ,, n/a ,, n/a ,, n/a ,,4/29/16,5/2/16,6/16/17,2/5/18,60.0,59.0,1.0,82007,2.0," 58,870 ",Family,WY,b,2017
183,35165," $4,853,080 "," $4,353,080 "," $4,353,080 ", $-   ," $500,000 "," $4,370,494 ", $-   , New ,3.0," $1,603,653 ",Hard," $318,736 ",Soft, n/a ,, n/a ,, n/a ,, n/a ,, n/a ,, n/a ,, n/a ,, n/a ,,9/20/16,9/19/16,12/8/17,10/5/18,48.0,48.0,0.0,28659,2.0," 52,176 ",Family,NC,b,2017
184,35166," $5,789,541 "," $5,096,416 "," $5,096,416 ", $-   ," $693,125 "," $4,953,154 ", $-   , New ,4.0," $1,234,908 ",Hard," $800,000 ",Hard," $636,782 ",Soft, n/a ,, n/a ,, n/a ,, n/a ,, n/a ,, n/a ,, n/a ,,8/22/16,10/17/16,2/14/18,10/31/18,64.0,64.0,0.0,27886,3.0," 69,504 ",Elderly,NC,b,2018
185,35167," $4,549,313 "," $4,028,413 "," $3,826,992 ", $-   ," $520,900 "," $3,615,639 ", $-   , New ,4.0," $1,259,186 ",Hard," $800,000 ",Hard," $483,388 ",Soft, n/a ,, n/a ,, n/a ,, n/a ,, n/a ,, n/a ,, n/a ,,9/20/16,10/17/16,10/23/17,10/23/18,48.0,48.0,0.0,28621,2.0," 49,455 ",Family,NC,b,2017
186,35168," $5,954,543 "," $5,438,593 "," $5,166,663 ", $-   ," $515,950 "," $5,185,252 ", $-   , New ,3.0," $1,980,000 ",Hard," $378,155 ",Soft, n/a ,, n/a ,, n/a ,, n/a ,, n/a ,, n/a ,, n/a ,, n/a ,,12/22/15,11/15/16,11/30/17,2/28/19,60.0,60.0,0.0,27021,4.0," 58,150 ",Family,NC,b,2017
187,35169," $5,003,203 "," $4,379,203 "," $4,160,243 ", $-   ," $624,000 "," $4,073,833 ", $-   , New ,4.0," $1,218,708 ",Hard," $800,000 ",Hard," $305,430 ",Soft, n/a ,, n/a ,, n/a ,, n/a ,, n/a ,, n/a ,, n/a ,,12/16/16,10/17/16,11/9/17,11/26/18,48.0,48.0,0.0,27055,3.0," 48,942 ",Family,NC,b,2017
188,35170," $14,065,849 "," $3,740,849 "," $3,561,525 "," $8,525,000 "," $1,800,000 "," $6,236,045 ", $-   , Rehab ,4.0," $3,450,000 ",Hard," $6,000,000 ",Soft," $2,100,000 ",Soft, n/a ,, n/a ,, n/a ,, n/a ,, n/a ,, n/a ,, n/a ,,3/25/16,3/28/16,12/23/16,12/15/17,52.0,51.0,1.0,98007,7.0," 43,012 ",Family,WA,b,2016
189,35171," $31,032,933 "," $28,882,933 "," $21,689,000 ", $-   ," $2,150,000 "," $10,548,945 ", $-   , New ,10.0," $10,080,000 ",Hard," $605,000 ",Soft," $550,000 ",Soft," $943,618 ",Soft," $1,000,000 ",Soft," $1,046,000 ",Soft," $900,000 ",Soft," $2,265,750 ",Soft," $1,600,000 ",Soft, n/a ,,9/30/16,10/7/16,7/12/18,9/5/18,71.0,53.0,18.0,01902,1.0," 64,670 ",Family,MA,b,2018
190,35172," $8,124,457 "," $3,521,024 "," $2,481,920 "," $3,540,000 "," $1,063,433 "," $2,874,401 ", $-   , Rehab ,5.0," $2,906,900 ",Hard," $1,500,000 ",Soft," $480,000 ",Soft," $520,000 ",Soft, n/a ,, n/a ,, n/a ,, n/a ,, n/a ,, n/a ,,3/1/16,3/22/16,10/4/16,5/31/17,48.0,47.0,1.0,92069,3.0," 42,936 ",Family,CA,b,2016
191,35173," $7,046,120 "," $6,838,120 "," $5,096,548 ", $-   ," $208,000 "," $6,666,926 ", $-   , New ,2.0," $1,242,000 ",Hard, n/a ,, n/a ,, n/a ,, n/a ,, n/a ,, n/a ,, n/a ,, n/a ,, n/a ,,11/16/15,12/27/16,11/7/17,12/14/18,37.0,32.0,5.0,83615,2.0," 31,466 ",Family,ID,b,2017
192,35175," $16,471,374 "," $9,308,918 "," $6,502,040 "," $6,032,456 "," $1,130,000 "," $5,779,173 ", $-   , Rehab ,6.0," $5,310,000 ",Hard," $750,000 ",Soft," $3,399,922 ",Soft," $704,179 ",Soft," $1,393,534 ",Soft, n/a ,, n/a ,, n/a ,, n/a ,, n/a ,,12/9/16,12/9/16,12/31/17,9/27/18,162.0,160.0,2.0,32901,1.0," 71,628 ",Elderly,FL,b,2017
193,35176," $3,214,387 "," $1,938,777 "," $1,633,288 "," $1,204,310 "," $71,300 "," $2,214,402 ", $-   , Rehab ,2.0," $1,275,610 ",Hard, n/a ,, n/a ,, n/a ,, n/a ,, n/a ,, n/a ,, n/a ,, n/a ,, n/a ,,6/1/16,6/27/16,2/23/17,6/20/17,40.0,40.0,0.0,24333,1.0," 21,776 ",Elderly,VA,b,2017
194,35177," $3,743,982 "," $2,411,753 "," $2,002,628 "," $1,253,329 "," $78,900 "," $2,807,451 ", $-   , Rehab ,2.0," $1,258,579 ",Hard, n/a ,, n/a ,, n/a ,, n/a ,, n/a ,, n/a ,, n/a ,, n/a ,, n/a ,,6/1/16,7/25/16,4/28/17,6/30/16,48.0,48.0,0.0,24522,5.0," 30,048 ",Family,VA,b,2017
195,35178," $15,598,179 "," $15,598,179 "," $13,247,828 ", $-   , $-   ," $7,557,491 ", $-   , Historic Rehab ,5.0," $9,885,000 ",Hard," $328,000 ",Soft," $1,500,000 ",Soft," $1,400,000 ",Soft, n/a ,, n/a ,, n/a ,, n/a ,, n/a ,, n/a ,,6/10/16,6/6/16,7/1/17,6/1/18,90.0,44.0,46.0,53203,1.0," 68,398 ",Family,WI,b,2017
196,35179," $4,702,540 "," $3,601,166 "," $1,888,255 "," $984,374 "," $117,000 "," $1,677,347 ", $-   , Rehab ,3.0," $1,069,374 ",Hard," $358,253 ",Soft, n/a ,, n/a ,, n/a ,, n/a ,, n/a ,, n/a ,, n/a ,, n/a ,,10/1/16,10/7/16,12/20/17,10/12/18,32.0,32.0,0.0,24522,4.0," 23,160 ",Family,VA,b,2017
197,35180," $3,012,976 "," $1,922,594 "," $1,739,958 "," $632,182 "," $458,200 "," $1,650,459 ", $-   , Rehab ,4.0," $1,058,382 ",Hard," $330,000 ",Hard," $168,736 ",Soft, n/a ,, n/a ,, n/a ,, n/a ,, n/a ,, n/a ,, n/a ,,12/1/16,2/20/17,11/13/17,9/28/18,32.0,32.0,0.0,23061,4.0," 22,048 ",Family,VA,b,2017
198,35181," $18,078,188 "," $4,454,784 "," $4,252,024 "," $11,632,539 "," $1,990,865 "," $6,529,183 ", $-   , Rehab ,3.0," $10,350,000 ",Hard," $4,000,000 ",Hard, n/a ,, n/a ,, n/a ,, n/a ,, n/a ,, n/a ,, n/a ,, n/a ,,6/27/16,6/27/16,5/1/17,11/1/17,160.0,160.0,0.0,23231,7.0," 145,536 ",Family,VA,b,2017
199,35182," $13,361,831 "," $7,461,831 "," $7,122,350 "," $4,129,410 "," $1,770,590 "," $5,320,824 ", $-   , Rehab ,3.0," $6,280,000 ",Hard," $4,245,000 ",Hard, n/a ,, n/a ,, n/a ,, n/a ,, n/a ,, n/a ,, n/a ,, n/a ,,6/27/16,6/27/16,9/21/17,11/1/17,184.0,184.0,0.0,23669,1.0," 159,424 ",Family,VA,b,2017
200,35183," $9,476,527 "," $3,076,527 "," $2,936,650 "," $4,900,703 "," $1,499,297 "," $3,070,618 ", $-   , Rehab ,3.0," $5,180,000 ",Hard," $2,800,000 ",Hard, n/a ,, n/a ,, n/a ,, n/a ,, n/a ,, n/a ,, n/a ,, n/a ,,6/27/16,6/27/16,6/1/17,11/1/17,112.0,112.0,0.0,23702,1.0," 98,336 ",Family,VA,b,2017
201,35184," $14,755,758 "," $4,320,109 "," $4,123,704 "," $8,583,230 "," $1,852,419 "," $4,872,844 ", $-   , Rehab ,3.0," $9,275,000 ",Hard," $3,000,000 ",Hard, n/a ,, n/a ,, n/a ,, n/a ,, n/a ,, n/a ,, n/a ,, n/a ,,6/27/16,6/27/16,6/1/17,11/1/17,150.0,150.0,0.0,23005,18.0," 136,450 ",Family,VA,b,2017
202,35186," $21,796,964 "," $20,637,013 "," $18,484,918 ", $-   ," $1,159,951 "," $5,446,644 ", $-   , New ,1.0, Missing ,-, n/a ,, n/a ,, n/a ,, n/a ,, n/a ,, n/a ,, n/a ,, n/a ,, n/a ,,12/15/16,3/1/16,5/16/16,12/15/16,66.0,66.0,0.0,20003,1.0," 46,139 ",Family,DC,b,2016
203,35187," $28,814,044 "," $18,564,044 "," $12,569,412 "," $7,950,000 "," $2,300,000 "," $9,071,310 ", $-   , Rehab ,5.0," $14,950,000 ",Hard," $305,000 ",Hard," $652,300 ",Soft," $5,250,000 ",Soft, n/a ,, n/a ,, n/a ,, n/a ,, n/a ,, n/a ,,11/1/16,11/28/16,10/22/18,2/1/19,184.0,183.0,1.0,08902,16.0," 135,966 ",Family,NJ,b,2018
204,35189," $16,506,732 "," $15,251,652 "," $9,866,871 ", $-   ," $1,255,080 "," $10,665,954 ", $-   , New ,3.0," $4,000,000 ",Hard," $80,000 ",Soft, n/a ,, n/a ,, n/a ,, n/a ,, n/a ,, n/a ,, n/a ,, n/a ,,5/19/16,5/30/16,7/12/17,3/8/18,92.0,80.0,12.0,75701,4.0," 87,404 ",Family,TX,b,2017
205,35190," $19,537,089 "," $19,450,332 "," $19,450,272 ", $-   ," $86,757 "," $25,993,400 ", $-   , New ,2.0," $3,370,000 ",Hard, n/a ,, n/a ,, n/a ,, n/a ,, n/a ,, n/a ,, n/a ,, n/a ,, n/a ,,3/30/16,12/9/15,12/8/16,5/1/17,93.0,93.0,0.0,96912,51.0," 90,990 ",Family,GU,b,2016
206,35191," $16,361,052 "," $11,881,052 "," $9,264,523 "," $3,390,000 "," $1,090,000 "," $4,946,063 ", $-   , Rehab ,4.0," $3,173,516 ",Hard," $1,444,000 ",Hard," $4,018,404 ",Soft, n/a ,, n/a ,, n/a ,, n/a ,, n/a ,, n/a ,, n/a ,,11/29/16,11/30/16,12/31/17,1/1/19,156.0,136.0,20.0,32901,1.0," 89,752 ",Elderly,FL,b,2017
207,35192," $13,557,487 "," $13,557,486 "," $12,566,792 ", $-   , $1 ," $8,591,474 ", $-   , New ,4.0," $7,750,000 ",Hard," $1,000,000 ",Hard," $4,100,000 ",Soft, n/a ,, n/a ,, n/a ,, n/a ,, n/a ,, n/a ,, n/a ,,6/26/17,7/5/17,2/11/19,11/27/19,75.0,74.0,1.0,96032,1.0," 46,359 ",Elderly,CA,b,2019
208,35194," $8,413,176 "," $6,893,040 "," $3,238,064 "," $1,340,136 "," $180,000 "," $2,463,285 ", $-   , Rehab ,5.0," $1,030,000 ",Hard," $1,180,136 ",Hard," $1,785,170 ",Soft," $231,599 ",Soft, n/a ,, n/a ,, n/a ,, n/a ,, n/a ,, n/a ,,12/1/16,1/9/16,12/29/17,4/1/18,34.0,34.0,0.0,21620,5.0," 28,820 ",Family,MD,b,2017
209,35195," $9,880,164 "," $9,145,164 "," $8,694,192 ", $-   ," $735,000 "," $2,838,637 ", $-   , New ,3.0," $5,725,000 ",Hard," $4,500,000 ",Soft, n/a ,, n/a ,, n/a ,, n/a ,, n/a ,, n/a ,, n/a ,, n/a ,,10/5/16,4/30/18,4/30/18,3/1/19,48.0,43.0,5.0,06804,2.0," 38,200 ",Family,CT,b,2018
210,35196," $11,316,881 "," $6,186,714 "," $6,024,932 "," $4,617,755 "," $512,412 "," $5,604,764 ", $-   , Rehab ,4.0," $2,600,000 ",Hard," $3,855,930 ",Soft," $2,582,197 ",Soft, n/a ,, n/a ,, n/a ,, n/a ,, n/a ,, n/a ,, n/a ,,9/1/16,9/7/16,5/30/17,6/1/18,40.0,40.0,0.0,81611,2.0," 24,926 ",Family,CO,b,2017
211,35197," $5,327,482 "," $5,232,428 "," $4,360,190 ", $-   ," $95,054 "," $3,844,722 ", $-   , New ,1.0, Missing ,-, n/a ,, n/a ,, n/a ,, n/a ,, n/a ,, n/a ,, n/a ,, n/a ,, n/a ,,12/5/16,12/5/16,3/20/18,10/1/18,36.0,36.0,0.0,65355,6.0," 18,888 ",Elderly,MO,b,2018
212,35198," $8,899,500 "," $7,894,500 "," $7,894,507 ", $-   ," $1,005,000 "," $7,649,236 ", $-   , New ,2.0," $2,900,000 ",Hard, n/a ,, n/a ,, n/a ,, n/a ,, n/a ,, n/a ,, n/a ,, n/a ,, n/a ,,12/1/16,11/23/16,3/16/18,10/30/18,72.0,72.0,0.0,42303,6.0," 59,067 ",Family,KY,b,2018
213,35199," $4,312,041 "," $4,050,787 "," $4,050,783 ", $-   ," $261,254 "," $3,896,548 ", $-   , New ,3.0," $348,878 ",Hard," $1,000,000 ",Soft, n/a ,, n/a ,, n/a ,, n/a ,, n/a ,, n/a ,, n/a ,, n/a ,,10/1/16,11/23/16,11/24/17,4/10/19,32.0,32.0,0.0,40906,4.0," 25,056 ",Elderly,KY,b,2017
214,35200," $1,383,690 "," $1,020,400 "," $1,020,400 "," $338,290 "," $25,000 "," $1,529,696 ", $-   , Rehab ,2.0," $412,474 ",Hard, n/a ,, n/a ,, n/a ,, n/a ,, n/a ,, n/a ,, n/a ,, n/a ,, n/a ,,9/1/17,10/2/17,12/8/17,10/1/17,16.0,16.0,0.0,42348,1.0," 12,048 ",Family,KY,b,2017
215,35202," $36,255,398 "," $33,930,398 "," $23,534,312 "," $2,325,000 ", $-   ," $15,962,095 ", $-   , Rehab ,10.0," $1,495,000 ",Hard," $1,100,000 ",Soft," $750,000 ",Soft," $1,069,235 ",Soft," $6,583,500 ",Soft," $100,000 ",Soft," $1,000,000 ",Soft," $1,904,291 ",Soft," $595,709 ",Hard, n/a ,,12/1/16,1/9/17,9/27/18,6/28/19,88.0,88.0,0.0,01040,11.0," 76,244 ",Mixed,MA,b,2018
216,35205," $21,560,577 "," $19,644,148 "," $16,187,687 ", $-   ," $1,916,429 "," $11,498,850 ", $-   , New ,3.0," $8,960,193 ",Hard," $1,000,000 ",Soft, n/a ,, n/a ,, n/a ,, n/a ,, n/a ,, n/a ,, n/a ,, n/a ,,12/28/16,1/2/17,8/31/18,4/1/19,168.0,97.0,71.0,84116,3.0," 105,865 ",Family,UT,b,2018
217,35208," $11,786,382 "," $11,786,381 "," $9,913,797 ", $-   , $1 ," $7,206,213 ", $-   , Historic Rehab ,9.0," $2,000,000 ",Hard," $885,296 ",Soft," $500,000 ",Soft," $243,000 ",Soft," $507,000 ",Soft," $200,000 ",Soft," $300,000 ",Soft," $1,381,611 ",Soft, n/a ,, n/a ,,10/1/16,10/14/16,11/29/17,5/1/18,25.0,25.0,0.0,02144,1.0," 13,750 ",Elderly,MA,b,2017
218,35209," $31,393,326 "," $29,743,326 "," $23,183,048 ", $-   ," $1,650,000 "," $15,949,328 ", $-   , New ,3.0," $21,000,000 ",Hard," $1,600,000 ",Soft, n/a ,, n/a ,, n/a ,, n/a ,, n/a ,, n/a ,, n/a ,, n/a ,,10/19/16,11/22/16,3/30/18,12/14/18,228.0,228.0,0.0,98503,9.0," 214,196 ",Family,WA,b,2018
219,35210," $11,426,261 "," $11,151,761 "," $8,424,490 ", $-   ," $274,500 "," $8,024,132 ", $-   , New ,2.0," $2,577,750 ",Hard, n/a ,, n/a ,, n/a ,, n/a ,, n/a ,, n/a ,, n/a ,, n/a ,, n/a ,,1/13/17,1/11/17,7/9/18,10/18/19,63.0,56.0,7.0,67114,21.0," 78,302 ",Family,KS,b,2018
220,35212," $6,287,398 "," $6,287,397 "," $4,781,180 ", $-   , $1 ," $5,055,030 ", $-   , New ,3.0," $750,000 ",Hard," $499,000 ",Soft, n/a ,, n/a ,, n/a ,, n/a ,, n/a ,, n/a ,, n/a ,, n/a ,,10/1/16,10/17/16,11/28/17,3/29/18,37.0,37.0,0.0,04102,1.0," 18,960 ",Family,ME,b,2017
221,35215," $18,136,459 "," $17,911,459 "," $7,793,684 ", $-   ," $225,000 "," $7,642,788 ", $-   , New ,5.0," $775,000 ",Hard," $1,329,953 ",Soft," $840,000 ",Soft," $516,000 ",Soft, n/a ,, n/a ,, n/a ,, n/a ,, n/a ,, n/a ,,9/1/16,9/30/16,12/5/17,4/26/19,48.0,48.0,0.0,13503,6.0," 44,752 ",Family,NY,b,2017
222,35216," $11,002,407 "," $6,702,407 "," $3,595,173 "," $3,520,000 "," $780,000 "," $3,123,420 ", $-   , Rehab ,3.0," $5,451,395 ",Hard," $2,017,673 ",Soft, n/a ,, n/a ,, n/a ,, n/a ,, n/a ,, n/a ,, n/a ,, n/a ,,2/1/17,4/3/17,12/15/17,7/2/18,111.0,111.0,0.0,48134,12.0," 111,505 ",Family,MI,b,2017
223,35218," $20,623,669 "," $20,623,669 "," $15,674,402 ", $-   , $-   ," $7,104,213 ", $-   , New ,3.0," $4,600,000 ",Hard," $9,391,585 ",Soft, n/a ,, n/a ,, n/a ,, n/a ,, n/a ,, n/a ,, n/a ,, n/a ,,7/1/17,6/30/17,9/26/18,4/4/19,70.0,69.0,1.0,98125,1.0," 47,807 ",Family,WA,b,2018
224,35219," $36,068,270 "," $34,613,270 "," $28,155,434 ", $-   ," $1,455,000 "," $16,594,919 ", $-   , New ,3.0," $20,900,000 ",Hard," $1,600,000 ",Soft, n/a ,, n/a ,, n/a ,, n/a ,, n/a ,, n/a ,, n/a ,, n/a ,,10/14/16,11/4/16,8/3/18,12/14/18,240.0,240.0,0.0,80923,10.0," 219,262 ",Family,CO,b,2018
225,35220," $12,895,830 "," $10,997,830 "," $10,447,938 "," $1,223,000 "," $675,000 "," $15,901,604 ", $-   , Rehab ,2.0," $836,500 ",Soft, n/a ,, n/a ,, n/a ,, n/a ,, n/a ,, n/a ,, n/a ,, n/a ,, n/a ,,3/30/17,3/30/17,11/21/18,3/29/17,50.0,50.0,0.0,85701,1.0," 27,000 ",Elderly,AZ,b,2018
226,35221," $6,305,822 "," $5,853,867 "," $5,853,867 ", $-   ," $451,955 "," $8,522,947 ", $-   , New ,2.0," $400,000 ",Soft, n/a ,, n/a ,, n/a ,, n/a ,, n/a ,, n/a ,, n/a ,, n/a ,, n/a ,,9/28/16,5/5/17,10/9/18,4/1/17,40.0,40.0,0.0,85705,6.0," 29,400 ",Family,AZ,b,2018
227,35222," $4,305,479 "," $3,077,936 "," $2,738,128 "," $942,543 "," $285,000 "," $2,545,326 ", $-   , Rehab ,4.0," $1,198,124 ",Hard," $430,000 ",Soft," $700,000 ",Hard, n/a ,, n/a ,, n/a ,, n/a ,, n/a ,, n/a ,, n/a ,,12/20/16,4/10/17,12/21/17,12/7/18,42.0,42.0,0.0,23847,6.0," 28,380 ",Family,VA,b,2017
228,35224," $8,359,253 "," $8,359,248 "," $7,075,100 ", $-   , $5 ," $6,328,103 ", $-   , New ,4.0," $1,210,000 ",Hard," $1,085,000 ",Soft," $525,000 ",Soft, n/a ,, n/a ,, n/a ,, n/a ,, n/a ,, n/a ,, n/a ,,3/23/17,3/23/17,9/27/18,1/31/19,41.0,41.0,0.0,53212,1.0," 39,077 ",Family,WI,b,2018
229,35225," $6,339,291 "," $6,339,290 "," $5,137,682 ", $-   , $1 ," $3,814,666 ", $-   , Historic Rehab ,3.0," $1,066,000 ",Hard," $2,258,981 ",Soft, n/a ,, n/a ,, n/a ,, n/a ,, n/a ,, n/a ,, n/a ,, n/a ,,1/6/17,2/3/17,10/31/17,8/31/18,30.0,30.0,0.0,53212,1.0," 28,564 ",Family,WI,b,2017
230,35226," $9,038,926 "," $4,206,954 "," $4,206,954 "," $4,558,464 "," $273,508 "," $5,617,640 ", $-   , Historic Rehab ,6.0," $2,800,000 ",Hard," $200,000 ",Hard," $800,000 ",Soft," $2,330,000 ",Soft," $800,000 ",Soft, n/a ,, n/a ,, n/a ,, n/a ,, n/a ,,12/21/16,1/9/17,12/11/17,12/21/18,84.0,84.0,0.0,98225,1.0," 33,915 ",Family,WA,b,2017
231,35229," $8,208,731 "," $7,058,731 "," $4,854,075 ", $-   ," $1,150,000 "," $5,599,676 ", $-   , New ,4.0," $975,000 ",Hard," $2,025,708 ",Soft," $637,515 ",Soft, n/a ,, n/a ,, n/a ,, n/a ,, n/a ,, n/a ,, n/a ,,12/15/16,3/13/17,10/30/18,4/3/19,20.0,19.0,1.0,90255,1.0," 15,515 ",Family,CA,b,2018
232,35231," $8,297,675 "," $7,996,905 "," $6,703,014 "," $270,770 "," $30,000 "," $7,289,627 ", $-   , Historic Rehab ,5.0," $820,000 ",Hard," $500,000 ",Soft," $288,701 ",Soft," $525,000 ",Soft, n/a ,, n/a ,, n/a ,, n/a ,, n/a ,, n/a ,,12/29/16,1/18/17,12/21/17,12/19/18,42.0,35.0,7.0,53083,1.0," 36,039 ",Family,WI,b,2017
233,35232," $12,171,160 "," $10,853,660 "," $9,375,968 "," $150,000 "," $1,167,500 "," $9,689,033 ", $-   , Rehab ,5.0," $2,476,500 ",Hard," $550,000 ",Soft," $750,000 ",Soft," $400,000 ",Soft, n/a ,, n/a ,, n/a ,, n/a ,, n/a ,, n/a ,,4/1/17,4/24/17,5/31/18,1/11/19,66.0,66.0,0.0,02760,2.0," 65,212 ",Family,MA,b,2018
234,35233," $11,926,240 "," $10,076,240 "," $7,695,807 ", $-   ," $1,850,000 "," $9,662,054 ", $-   , New ,3.0," $2,500,000 ",Hard," $750,000 ",Soft, n/a ,, n/a ,, n/a ,, n/a ,, n/a ,, n/a ,, n/a ,, n/a ,,12/15/16,12/15/16,2/23/18,10/25/18,45.0,45.0,0.0,80211,1.0," 31,788 ",Family,CO,b,2018
235,35234," $5,423,679 "," $5,423,679 "," $3,886,040 ", $-   , $-   ," $2,999,701 ", $-   , New/Rehab ,6.0," $1,453,405 ",Hard," $108,200 ",Soft," $123,125 ",Soft," $500,000 ",Soft," $100,000 ",Soft, n/a ,, n/a ,, n/a ,, n/a ,, n/a ,,4/17/17,3/1/17,3/26/18,6/18/18,39.0,39.0,0.0,04105,6.0," 22,092 ",Elderly,ME,b,2018
236,35235," $13,233,642 "," $7,433,642 "," $7,245,098 "," $3,100,000 "," $2,700,000 "," $7,696,253 ", $-   , Rehab ,5.0," $6,500,000 ",Hard," $2,000,000 ",Soft," $209,030 ",Soft," $1,012,500 ",Soft, n/a ,, n/a ,, n/a ,, n/a ,, n/a ,, n/a ,,2/1/17,2/6/17,3/16/18,1/29/19,81.0,81.0,0.0,21401,0.0," 50,760 ",Family,MD,b,2018
237,35236," $18,124,004 "," $16,817,204 "," $11,683,000 ", $-   ," $1,306,800 "," $12,013,109 ", $-   , New ,4.0," $2,501,000 ",Hard," $1,000,000 ",Hard," $1,450,000 ",Hard, n/a ,, n/a ,, n/a ,, n/a ,, n/a ,, n/a ,, n/a ,,6/30/17,7/13/17,8/13/18,7/18/19,113.0,90.0,23.0,76643,10.0," 95,391 ",Elderly,TX,b,2018
238,35237," $3,705,886 "," $2,156,021 "," $1,955,442 "," $1,386,365 "," $163,500 "," $2,665,851 ", $-   , Rehab ,2.0," $1,274,865 ",Hard, n/a ,, n/a ,, n/a ,, n/a ,, n/a ,, n/a ,, n/a ,, n/a ,, n/a ,,8/1/17,8/10/17,9/4/18,11/28/18,42.0,42.0,0.0,24333,4.0," 33,357 ",Family,VA,b,2018
239,35238," $4,214,733 "," $2,633,151 "," $2,411,261 "," $1,385,582 "," $196,000 "," $3,446,381 ", $-   , Rehab ,2.0," $1,431,582 ",Hard, n/a ,, n/a ,, n/a ,, n/a ,, n/a ,, n/a ,, n/a ,, n/a ,, n/a ,,8/1/17,8/10/17,10/31/18,11/30/18,52.0,52.0,0.0,23927,4.0," 38,560 ",Family,VA,b,2018
240,35239," $3,230,216 "," $1,772,856 "," $1,601,002 "," $1,167,360 "," $290,000 "," $2,334,200 ", $-   , Rehab ,2.0," $1,307,360 ",Hard, n/a ,, n/a ,, n/a ,, n/a ,, n/a ,, n/a ,, n/a ,, n/a ,, n/a ,,8/1/17,8/10/17,4/12/18,9/27/18,40.0,40.0,0.0,23901,10.0," 24,524 ",Elderly,VA,b,2018
241,35240," $15,670,873 "," $15,670,873 "," $10,892,469 ", $-   , $-   ," $8,764,019 ", $-   , New ,7.0," $2,640,000 ",Hard," $1,200,000 ",Soft," $3,214,742 ",Soft," $1,226,000 ",Soft," $310,000 ",Soft," $55,693 ",Soft, n/a ,, n/a ,, n/a ,, n/a ,,4/1/17,4/28/17,8/29/18,5/29/19,32.0,31.0,1.0,92054,1.0," 30,476 ",Family,CA,b,2018
242,35241," $4,587,386 "," $3,115,116 "," $2,887,641 "," $1,318,870 "," $153,400 "," $3,649,826 ", $-   , Rehab ,2.0," $1,322,270 ",Hard, n/a ,, n/a ,, n/a ,, n/a ,, n/a ,, n/a ,, n/a ,, n/a ,, n/a ,,8/1/17,8/10/17,9/24/18,11/27/18,64.0,64.0,0.0,24055,9.0," 50,504 ",Family,VA,b,2018
243,35242," $24,050,172 "," $22,020,172 "," $17,683,710 ", $-   ," $2,030,000 "," $16,273,374 ", $-   , New ,5.0," $4,550,000 ",Hard," $2,000,000 ",Soft," $3,500,000 ",Soft," $195,220 ",Soft, n/a ,, n/a ,, n/a ,, n/a ,, n/a ,, n/a ,,12/28/16,5/10/17,12/28/18,8/8/19,87.0,79.0,8.0,21117,2.0," 78,729 ",Family,MD,b,2018
244,35243," $7,302,041 "," $6,956,041 "," $5,277,791 ", $-   ," $346,000 "," $4,375,363 ", $-   , New ,4.0," $900,000 ",Hard," $800,000 ",Hard," $591,496 ",Soft, n/a ,, n/a ,, n/a ,, n/a ,, n/a ,, n/a ,, n/a ,,6/1/17,6/19/17,6/26/18,12/21/18,60.0,60.0,0.0,27896,1.0," 54,112 ",Elderly,NC,b,2018
245,35249," $12,459,996 "," $11,900,007 "," $10,149,360 "," $476,216 "," $83,773 "," $5,949,348 ", $-   , Historic Rehab ,9.0," $992,034 ",Hard," $25,000 ",Soft," $163,000 ",Soft," $1,000,000 ",Soft," $1,285,092 ",Soft," $667,774 ",Soft," $1,902,750 ",Soft," $1,711,458 ",Soft, n/a ,, n/a ,,5/1/17,5/8/17,7/20/18,4/1/19,41.0,41.0,0.0,01453-5626,1.0," 31,788 ",Family,MA,b,2018
246,35253," $13,537,004 "," $13,537,004 "," $11,078,225 ", $-   , $-   ," $13,314,939 ", $-   , New ,2.0," $1,735,000 ",Hard, n/a ,, n/a ,, n/a ,, n/a ,, n/a ,, n/a ,, n/a ,, n/a ,, n/a ,,7/20/17,7/21/17,11/20/18,7/26/19,58.0,58.0,0.0,85364-6507,6.0," 55,706 ",Family,AZ,b,2018
247,35255," $5,206,300 "," $1,556,300 "," $1,485,633 "," $3,050,000 "," $600,000 "," $1,830,574 ", $-   , Rehab ,2.0," $4,380,000 ",Hard, n/a ,, n/a ,, n/a ,, n/a ,, n/a ,, n/a ,, n/a ,, n/a ,, n/a ,,4/1/17,5/8/17,9/21/17,2/9/18,54.0,54.0,0.0,23231,3.0," 48,952 ",Family,VA,b,2017
248,35256," $8,243,695 "," $8,243,692 "," $6,832,200 ", $-   , $3 ," $5,412,183 ", $-   , New ,6.0," $1,497,000 ",Hard," $600,000 ",Soft," $295,000 ",Soft," $740,000 ",Soft," $300,000 ",Soft, n/a ,, n/a ,, n/a ,, n/a ,, n/a ,,9/28/17,9/8/17,10/31/18,12/18/20,40.0,40.0,0.0,53208,6.0," 46,100 ",Family,WI,b,2018
249,35257," $8,995,017 "," $8,745,017 "," $7,484,452 "," $200,000 "," $50,000 "," $6,146,660 ", $-   , Historic Rehab ,6.0," $479,000 ",Hard," $267,351 ",Soft," $660,000 ",Soft," $200,000 ",Soft," $1,730,329 ",Soft, n/a ,, n/a ,, n/a ,, n/a ,, n/a ,,6/30/17,6/30/17,8/30/18,6/21/19,48.0,44.0,4.0,53212,1.0," 30,410 ",Elderly,WI,b,2018
250,35260," $8,301,000 "," $5,071,000 "," $5,071,000 "," $2,965,000 "," $265,000 "," $3,635,178 ", $-   , Rehab ,6.0," $2,000,000 ",Hard," $1,300,000 ",Soft," $400,000 ",Soft," $2,358,671 ",Soft," $1,204,329 ",Soft, n/a ,, n/a ,, n/a ,, n/a ,, n/a ,,9/1/17,10/6/17,9/14/18,4/10/19,100.0,100.0,0.0,42301,10.0," 68,400 ",Family,KY,b,2018
251,35261," $11,365,374 "," $10,865,374 "," $7,675,463 ", $-   ," $500,000 "," $4,367,941 ", $-   , New ,5.0," $4,655,000 ",Hard," $665,000 ",Soft," $300,000 ",Soft," $227,996 ",Hard, n/a ,, n/a ,, n/a ,, n/a ,, n/a ,, n/a ,,8/8/17,8/10/17,8/28/18,11/1/19,60.0,60.0,0.0,53713,1.0," 50,750 ",Elderly,WI,b,2018
252,35263," $6,199,941 "," $2,499,941 "," $2,499,941 "," $3,530,000 "," $170,000 "," $2,033,701 ", $-   , Rehab ,6.0," $1,100,000 ",Hard," $385,000 ",Soft," $1,000,000 ",Soft," $1,935,000 ",Soft," $1,421,786 ",Soft, n/a ,, n/a ,, n/a ,, n/a ,, n/a ,,7/21/17,7/1/17,11/30/17,8/8/18,31.0,30.0,1.0,60123,8.0," 31,018 ",Family,IL,b,2017
253,35264," $3,730,904 "," $2,021,001 "," $2,021,001 "," $1,329,903 "," $380,000 "," $2,391,511 ", $-   , Rehab ,3.0," $1,855,000 ",Soft," $675,000 ",Soft, n/a ,, n/a ,, n/a ,, n/a ,, n/a ,, n/a ,, n/a ,, n/a ,,9/21/17,9/25/17,10/17/18,4/26/19,48.0,41.0,7.0,53086,2.0," 28,840 ",Elderly,WI,b,2018
254,35265," $5,526,971 "," $5,526,971 "," $4,994,017 ", $-   , $-   ," $4,780,234 ", $-   , Rehab ,5.0," $2,500,000 ",Hard," $1,400,000 ",Soft," $3,548,567 ",Soft," $1,325,915 ",Soft, n/a ,, n/a ,, n/a ,, n/a ,, n/a ,, n/a ,,9/1/17,10/9/17,9/24/18,4/10/19,108.0,108.0,0.0,42301,14.0," 84,000 ",Family,KY,b,2018
255,35266," $55,854,897 "," $24,454,897 "," $20,116,254 "," $29,450,000 "," $1,950,000 "," $20,172,184 ", $-   , Rehab ,4.0," $18,000,000 ",Hard," $15,300,000 ",Soft," $3,475,000 ",Soft, n/a ,, n/a ,, n/a ,, n/a ,, n/a ,, n/a ,, n/a ,,11/28/16,9/1/17,1/31/19,11/6/19,379.0,379.0,0.0,99206,31.0," 313,482 ",Family,WA,b,2019
256,35268," $61,389,627 "," $17,149,627 "," $12,574,476 "," $40,940,000 "," $3,300,000 "," $18,935,614 ", $-   , Rehab ,5.0," $18,850,000 ",Hard," $22,850,000 ",Soft," $2,800,000 ",Soft," $615,229 ",Soft, n/a ,, n/a ,, n/a ,, n/a ,, n/a ,, n/a ,,9/1/17,9/8/17,12/31/18,10/23/19,217.0,217.0,0.0,98036,23.0," 223,187 ",Family,WA,b,2018
257,35271," $6,967,710 "," $6,367,710 "," $6,367,710 ", $-   ," $600,000 "," $6,080,606 ", $-   , New ,3.0," $2,001,519 ",Hard," $767,830 ",Soft, n/a ,, n/a ,, n/a ,, n/a ,, n/a ,, n/a ,, n/a ,, n/a ,,12/13/17,11/6/17,2/22/19,10/16/19,72.0,72.0,0.0,28358,4.0," 73,870 ",Family,NC,b,2019
258,35278," $7,693,369 "," $7,693,368 "," $6,637,074 ", $-   , $1 ," $6,149,414 ", $-   , New ,4.0," $2,000,000 ",Hard," $200,000 ",Soft," $200,000 ",Soft, n/a ,, n/a ,, n/a ,, n/a ,, n/a ,, n/a ,, n/a ,,10/3/17,10/3/17,8/31/18,8/1/19,51.0,43.0,8.0,53212,1.0," 53,643 ",Family,WI,b,2018
259,35280," $4,677,237 "," $4,477,037 "," $3,591,605 ", $-   ," $200,200 "," $3,654,612 ", $-   , New ,3.0," $687,473 ",Hard," $623,000 ",Hard, n/a ,, n/a ,, n/a ,, n/a ,, n/a ,, n/a ,, n/a ,, n/a ,,12/21/17,2/1/18,2/26/19,6/30/19,24.0,24.0,0.0,82007,2.0," 24,200 ",Family,WY,b,2019
260,35282," $21,677,236 "," $19,828,242 "," $11,553,690 ", $-   ," $1,848,994 "," $12,565,353 ", $-   , New ,2.0," $6,500,000 ",Hard, n/a ,, n/a ,, n/a ,, n/a ,, n/a ,, n/a ,, n/a ,, n/a ,, n/a ,,10/1/17,8/18/17,10/29/18,8/29/19,102.0,80.0,22.0,78633,5.0," 93,330 ",Family,TX,b,2018
261,35289," $17,169,393 "," $9,369,393 "," $6,586,329 "," $7,550,000 "," $250,000 "," $6,508,681 ", $-   , Rehab ,7.0," $4,739,922 ",Hard," $2,363,244 ",Soft," $288,886 ",Soft," $121,759 ",Soft," $685,855 ",Soft," $3,279,912 ",Soft, n/a ,, n/a ,, n/a ,, n/a ,,1/1/18,1/30/18,9/3/19,11/29/19,27.0,26.0,1.0,94930,9.0," 22,014 ",Family,CA,b,2019
262,35293," $2,477,227 "," $1,659,550 "," $1,473,106 "," $754,377 "," $63,300 "," $1,934,078 ", $-   , Rehab ,2.0," $775,677 ",Hard, n/a ,, n/a ,, n/a ,, n/a ,, n/a ,, n/a ,, n/a ,, n/a ,, n/a ,,9/1/18,9/20/18,5/29/19,10/18/19,28.0,28.0,0.0,23824,3.0," 23,044 ",Family,VA,b,2019
263,35294," $32,257,660 "," $15,957,660 "," $8,776,602 "," $14,400,000 "," $1,900,000 "," $9,061,778 ", $-   , Rehab ,5.0," $16,200,000 ",Hard," $1,575,000 ",Soft," $484,070 ",Soft," $1,575,000 ",Soft, n/a ,, n/a ,, n/a ,, n/a ,, n/a ,, n/a ,,1/1/18,1/22/18,3/7/19,8/20/19,94.0,93.0,1.0,92105,12.0," 90,480 ",Family,CA,b,2019
264,35299," $4,285,503 "," $2,572,980 "," $2,332,820 "," $1,639,623 "," $72,900 "," $3,311,696 ", $-   , Rehab ,2.0," $1,359,523 ",Hard, n/a ,, n/a ,, n/a ,, n/a ,, n/a ,, n/a ,, n/a ,, n/a ,, n/a ,,9/1/18,9/20/18,6/24/19,10/22/19,48.0,48.0,0.0,24572,2.0," 36,696 ",Family,VA,b,2019
265,35302," $27,955,965 "," $6,625,965 "," $6,625,965 "," $20,105,000 "," $1,225,000 "," $8,554,135 ", $-   , Rehab ,3.0," $18,737,470 ",Hard," $3,127,540 ",Soft, n/a ,, n/a ,, n/a ,, n/a ,, n/a ,, n/a ,, n/a ,, n/a ,,12/1/17,2/13/18,3/4/19,5/21/19,201.0,201.0,0.0,04103,3.0," 120,400 ",Elderly,ME,b,2019
266,35313," $11,969,377 "," $11,397,577 "," $9,583,154 "," $89,735 "," $482,065 "," $8,693,132 ", $-   , Rehab ,10.0," $1,500,000 ",Hard," $131,900 ",Soft," $50,825 ",Soft," $250,000 ",Soft," $250,000 ",Soft," $1,000,000 ",Soft," $487,995 ",Soft," $500,000 ",Soft," $275,000 ",Soft, n/a ,,4/1/18,4/9/18,7/31/19,11/22/19,42.0,42.0,0.0,01952,3.0," 32,405 ",Family,MA,b,2019
267,35317," $8,255,698 "," $8,255,698 "," $6,055,207 ", $-   , $-   ," $4,427,040 ", $-   , New ,6.0," $1,598,000 ",Hard," $463,800 ",Soft," $750,000 ",Soft," $500,000 ",Soft," $253,137 ",Soft, n/a ,, n/a ,, n/a ,, n/a ,, n/a ,,3/1/18,3/1/18,5/31/19,3/8/18,38.0,38.0,0.0,04074,3.0," 27,900 ",Family,ME,b,2019
268,35319," $19,776,807 "," $9,913,500 "," $9,913,499 "," $9,338,307 "," $525,000 "," $5,971,131 ", $-   , Rehab ,6.0," $6,266,000 ",Hard," $3,592,000 ",Hard," $7,858,707 ",Soft," $1,784,100 ",Soft," $7,919,131 ",-, n/a ,, n/a ,, n/a ,, n/a ,, n/a ,,2/1/18,3/1/18,4/19/19,2/27/18,294.0,290.0,4.0,Various,47.0," 226,801 ",Family,,b,2019
269,35401," $11,528,342 "," $11,201,686 "," $8,360,225 ", $-   ," $326,656 "," $6,795,873 ", $-   , New ,4.0," $2,295,000 ",Hard," $720,000 ",Soft," $1,150,000 ",Soft, n/a ,, n/a ,, n/a ,, n/a ,, n/a ,, n/a ,, n/a ,,12/1/14,3/2/15,2/15/16,1/23/17,60.0,40.0,20.0,53140,1.0," 59,205 ",Family,WI,b,2016
270,135141," $8,435,270 "," $8,083,737 "," $8,083,737 ", $-   ," $351,533 "," $7,789,472 ", $-   , New ,3.0," $2,100,000 ",Hard," $790,000 ",Hard, n/a ,, n/a ,, n/a ,, n/a ,, n/a ,, n/a ,, n/a ,, n/a ,,6/1/16,6/15/16,3/14/18,8/15/18,72.0,65.0,7.0,78359,5.0," 70,672 ",Family,TX,b,2018
271,35123," $5,653,107 "," $5,099,785 "," $5,099,785 ", $-   ," $553,322 "," $2,588,264 ", $-   , New ,2.0," $760,000 ",Soft, n/a ,, n/a ,, n/a ,, n/a ,, n/a ,, n/a ,, n/a ,, n/a ,, n/a ,,1/5/16,3/1/13,1/30/15,12/1/15,19.0,18.0,1.0,94114,2.0," 12,108 ",Family,CA,b,2015
272,35217," $10,845,124 "," $5,595,124 "," $5,315,145 "," $4,620,000 "," $630,000 "," $5,107,290 ", $-   , Rehab ,3.0," $5,967,721 ",Hard," $2,811,643 ",Soft, n/a ,, n/a ,, n/a ,, n/a ,, n/a ,, n/a ,, n/a ,, n/a ,,12/1/16,2/28/17,12/15/17,7/9/18,160.0,160.0,0.0,48858,12.0," 160,625 ",Family,MI,b,2017
273,33001," $2,397,733 "," $1,368,439 "," $1,079,022 "," $869,294 "," $160,000 "," $1,376,862 ", $-   , New/Rehab ,3.0," $958,926 ",Hard," $265,000 ",Soft, n/a ,, n/a ,, n/a ,, n/a ,, n/a ,, n/a ,, n/a ,, n/a ,,8/1/14,2/9/14,9/9/14,8/26/15,27.0,27.0,0.0,23093,4.0," 20,220 ",Family,VA,b,2014
274,35057," $25,015,462 "," $25,015,462 "," $13,872,120 ", $-   , $-   ," $10,548,389 ", $-   , New ,5.0," $10,960,000 ",Hard," $1,700,000 ",Soft," $1,232,177 ",Soft," $423,122 ",Soft, n/a ,, n/a ,, n/a ,, n/a ,, n/a ,, n/a ,,2/1/15,3/16/15,6/28/16,3/17/17,107.0,106.0,1.0,92130,9.0," 97,606 ",Family,CA,b,2016
