,id,state,units_n,con_type,status,loi_date,closedate,concomdate,stabdate,totalcost,hardcost,sources_n,df,yr_pis
0,1.0,CA,136.0,New Construction,Stabilized,7/31/06,4/19/07,9/11/09,10/1/10,"$69,809,586 ","$56,003,771 ",4.0,g,2009
1,2.0,CA,137.0,Rehab,Stabilized,9/5/14,12/19/14,5/30/18,1/0/00,"$39,190,669 ","$28,046,114 ",7.0,g,2018
2,3.0,CA,107.0,New Construction,Stabilized,3/10/08,6/1/08,7/19/10,4/1/11,"$49,178,710 ","$35,056,858 ",3.0,g,2010
3,4.0,TX,142.0,New Construction,Stabilized,1/22/08,8/1/08,7/1/10,1/31/12,"$21,037,569 ","$14,034,624 ",4.0,g,2010
4,5.0,TX,240.0,New Construction,Stabilized,4/27/15,12/18/15,11/6/17,2/1/19,"$39,964,744 ","$27,196,160 ",4.0,g,2017
5,6.0,CA,93.0,New Construction,Pre-stabilized,10/14/14,3/6/15,4/4/17,,"$65,447,993 ","$46,713,944 ",4.0,g,2017
6,7.0,CA,91.0,New Construction,Pre-stabilized,10/14/14,3/6/15,4/25/17,,"$64,919,369 ","$45,934,201 ",4.0,g,2017
7,8.0,CA,82.0,New Construction,Pre-stabilized,9/9/15,2/26/16,11/20/17,,"$59,647,486 ","$39,670,400 ",4.0,g,2017
8,9.0,CA,40.0,New Construction,Pre-stabilized,9/9/15,2/26/16,11/20/17,,"$35,409,554 ","$23,940,900 ",3.0,g,2017
9,10.0,CA,31.0,New Construction,Operational,4/14/17,8/9/17,2/11/19,,,"$19,755,582 ",3.0,g,2019
10,11.0,CA,94.0,New Construction,Stabilized,6/27/08,10/31/08,6/18/10,1/1/11,"$30,378,345 ","$18,555,807 ",4.0,g,2010
11,12.0,TX,80.0,New Construction,Stabilized,8/16/05,6/26/06,7/13/07,12/1/08,"$7,889,074 ","$5,745,997 ",4.0,g,2007
12,13.0,TX,126.0,New Construction,Stabilized,12/11/15,5/11/16,10/4/17,1/1/19,"$23,514,344 ","$14,570,168 ",4.0,g,2017
13,14.0,NY,60.0,Rehab,Stabilized,,5/1/06,9/26/07,6/30/08,"$18,013,771 ","$11,649,516 ",6.0,g,2007
14,15.0,TX,80.0,New Construction,Stabilized,11/2/11,6/28/12,12/19/13,7/1/14,"$10,466,510 ","$7,450,595 ",2.0,g,2013
15,16.0,CA,36.0,Rehab - TIP,Stabilized,7/7/16,11/23/16,11/21/17,1/1/19,"$9,026,018 ","$2,608,057 ",2.0,g,2017
16,17.0,TX,114.0,New Construction,Construction,12/19/18,9/27/19,,,,"$12,129,521 ",3.0,g,
17,18.0,TX,81.0,New Construction,Construction,7/11/18,10/31/18,,,,"$9,768,000 ",2.0,g,
18,19.0,TX,140.0,New Construction,Stabilized,12/6/12,12/31/12,7/9/13,5/1/14,"$19,567,496 ","$12,586,179 ",1.0,g,2013
19,20.0,TX,56.0,New Construction,Stabilized,8/26/13,3/7/14,4/1/15,12/1/16,"$7,508,301 ","$5,155,957 ",4.0,g,2015
20,21.0,CA,51.0,Rehab,Stabilized,8/14/06,10/1/05,8/28/08,10/31/10,"$19,329,339 ","$6,334,906 ",5.0,g,2008
21,22.0,TX,80.0,New Construction,Stabilized,7/10/14,12/23/14,7/31/16,11/1/17,"$12,520,468 ","$7,448,546 ",3.0,g,2016
22,23.0,TX,120.0,New Construction,Stabilized,11/20/14,7/2/15,4/3/17,9/1/18,"$17,335,257 ","$12,152,195 ",3.0,g,2017
23,24.0,CA,28.0,New Construction,Stabilized,6/25/08,8/1/08,10/14/09,4/1/10,"$10,969,152 ","$7,152,853 ",6.0,g,2009
24,25.0,CA,70.0,New Construction,Stabilized,8/6/07,11/30/07,12/11/08,6/1/11,"$22,787,209 ","$14,841,758 ",5.0,g,2008
25,26.0,CA,73.0,New Construction,Stabilized,,8/1/06,10/23/07,2/1/09,"$18,901,811 ","$13,375,074 ",6.0,g,2007
26,27.0,VA,33.0,Rehab,Stabilized,2/15/08,9/1/08,9/1/09,10/6/15,"$8,811,640 ","$2,661,076 ",3.0,g,2009
27,28.0,NY,155.0,New Construction,Stabilized,1/8/13,6/27/13,12/8/15,10/1/17,"$48,569,388 ","$30,775,920 ",7.0,g,2015
28,29.0,VA,44.0,New Construction,Stabilized,8/6/14,12/24/15,12/1/16,5/1/18,"$7,469,234 ","$5,014,908 ",2.0,g,2016
29,30.0,NY,129.0,New Construction,Construction,11/28/17,6/20/19,,,,"$39,779,818 ",6.0,g,
30,31.0,TX,207.0,New Construction,Pre-stabilized,9/14/11,12/22/11,2/12/15,,,"$21,535,541 ",4.0,g,2015
31,32.0,TX,116.0,New Construction,Pre-stabilized,9/14/11,12/22/11,2/13/15,,,"$11,636,612 ",6.0,g,2015
32,33.0,VA,100.0,New Construction,Stabilized,8/13/07,10/31/07,5/20/09,3/15/10,"$28,774,022 ","$38,956,976 ",3.0,g,2009
33,34.0,NY,50.0,Rehab,Stabilized,5/23/11,10/20/11,8/24/12,1/1/13,"$4,806,062 ","$696,431 ",2.0,g,2012
34,35.0,TX,330.0,Rehab,Stabilized,,12/27/06,11/27/07,3/31/12,"$16,072,193 ","$11,207,094 ",1.0,g,2007
35,36.0,TX,216.0,Rehab,Stabilized,9/18/06,5/29/07,7/24/08,8/1/09,"$17,157,829 ","$8,847,956 ",5.0,g,2008
36,37.0,CA,116.0,Rehab,Stabilized,8/2/12,1/25/13,12/15/14,2/1/16,"$41,597,090 ","$27,461,744 ",7.0,g,2014
37,38.0,CA,152.0,Rehab - TIP,Stabilized,3/31/16,12/1/16,12/1/17,12/4/18,"$29,607,692 ","$7,107,622 ",2.0,g,2017
38,39.0,CA,32.0,Rehab,Stabilized,6/6/13,8/29/13,11/30/13,7/1/18,"$6,345,455 ","$1,534,944 ",4.0,g,2013
39,40.0,CA,37.0,Rehab,Construction,10/17/18,3/15/19,,,,"$8,959,790 ",3.0,g,
40,41.0,CA,48.0,Rehab - TIP,Operational,5/15/18,10/30/18,9/15/19,,,"$5,103,220 ",3.0,g,2019
41,42.0,CA,10.0,Rehab - TIP,Pre-stabilized,9/29/17,2/28/18,8/31/18,,"$5,957,504 ","$1,142,509 ",1.0,g,2018
42,43.0,CA,50.0,Rehab - TIP,Pre-stabilized,4/21/17,10/17/17,11/1/18,,"$29,019,322 ","$9,863,873 ",6.0,g,2018
43,44.0,CA,85.0,New Construction,Stabilized,3/26/07,4/5/07,4/29/09,10/19/10,"$26,134,140 ","$16,451,496 ",8.0,g,2009
44,45.0,CA,60.0,New Construction,Stabilized,2/1/10,3/18/10,5/13/11,10/1/12,"$13,769,748 ","$8,143,517 ",3.0,g,2011
45,46.0,VA,60.0,New Construction,Construction,4/26/17,10/26/18,,,,"$10,230,603 ",6.0,g,
46,47.0,VA,45.0,New Construction,Construction,4/26/17,10/5/18,11/8/19,,,"$5,246,261 ",10.0,g,2019
47,48.0,NY,210.0,Rehab - TIP,Construction,12/26/17,6/28/19,,,,"$35,791,667 ",3.0,g,
48,49.0,NY,112.0,Rehab - TIP,Stabilized,8/15/14,10/1/14,8/31/16,4/1/17,"$12,152,883 ","$7,139,769 ",3.0,g,2016
49,50.0,CA,110.0,New Construction,Lease-Up,1/27/17,9/1/17,2/15/19,,,"$43,874,754 ",7.0,g,2019
50,51.0,NY,55.0,New Construction,Stabilized,3/3/08,8/14/08,8/11/10,7/1/11,"$17,619,579 ","$12,448,403 ",6.0,g,2010
51,52.0,TX,140.0,New Construction,Pre-stabilized,12/14/15,8/24/16,11/17/17,,"$24,125,374 ","$16,855,307 ",4.0,g,2017
52,53.0,TX,120.0,New Construction,Construction,1/25/19,9/25/19,,,,"$14,191,452 ",5.0,g,
53,54.0,TX,93.0,New Construction,Operational,7/11/17,12/11/17,12/27/18,,,"$12,687,725 ",3.0,g,2018
54,55.0,TX,92.0,New Construction,Lease-Up,7/11/17,12/12/17,8/30/19,,,"$11,667,594 ",3.0,g,2019
55,56.0,TX,128.0,New Construction,Stabilized,1/15/10,11/18/10,11/18/11,8/1/13,"$16,057,233 ","$10,870,754 ",5.0,g,2011
56,57.0,CA,21.0,New Construction,Stabilized,6/12/06,1/1/07,12/31/07,3/1/09,"$7,724,849 ","$4,400,000 ",3.0,g,2007
57,58.0,CA,108.0,Rehab - TIP,Pre-stabilized,2/21/18,3/15/19,4/19/19,,"$27,521,258 ","$2,506,206 ",5.0,g,2019
58,59.0,CA,49.0,New Construction & Rehab,Construction,7/10/17,10/10/17,,,,"$13,182,157 ",2.0,g,
59,60.0,CA,45.0,New Construction,Stabilized,2/15/12,8/23/12,9/26/13,10/1/14,"$20,782,137 ","$9,665,249 ",6.0,g,2013
60,61.0,CA,44.0,Rehab - TIP,Stabilized,1/30/15,4/17/15,11/20/15,10/1/16,"$11,345,778 ","$2,810,471 ",3.0,g,2015
61,62.0,CA,18.0,New Construction,Stabilized,9/2/10,12/6/10,12/22/11,4/1/13,"$8,199,565 ","$4,805,807 ",1.0,g,2011
62,63.0,CA,38.0,Acq/Rehab,Stabilized,4/21/10,9/17/10,10/31/11,12/1/12,"$17,564,195 ","$6,422,841 ",5.0,g,2011
63,64.0,CA,27.0,New Construction,Pre-stabilized,6/23/17,11/14/17,2/7/19,,"$14,267,108 ","$8,634,399 ",3.0,g,2019
64,65.0,CA,179.0,Rehab,Stabilized,10/1/07,12/19/07,9/30/08,12/23/09,"$17,906,693 ","$1,427,010 ",5.0,g,2008
65,66.0,TX,152.0,New Construction,Stabilized,12/17/10,8/12/11,10/3/12,4/1/14,"$22,562,205 ","$13,646,601 ",1.0,g,2012
66,67.0,TX,188.0,New Construction,Construction,8/17/18,10/10/19,,,,"$21,137,455 ",2.0,g,
67,68.0,TX,181.0,New Construction,Stabilized,8/27/14,9/29/15,6/8/17,1/1/19,"$26,344,052 ","$18,209,816 ",4.0,g,2017
68,69.0,TX,220.0,New Construction,Stabilized,6/8/15,10/9/15,7/5/17,1/1/19,"$35,672,002 ","$24,416,817 ",3.0,g,2017
69,70.0,TX,132.0,New Construction,Stabilized,2/4/08,6/1/08,9/18/09,6/30/10,"$17,470,851 ","$10,390,054 ",2.0,g,2009
70,71.0,TX,180.0,New Construction,Stabilized,7/5/06,10/1/06,9/30/07,12/1/09,"$19,519,762 ","$13,310,153 ",3.0,g,2007
71,72.0,TX,200.0,New Construction,Stabilized,6/18/15,11/3/15,9/8/17,1/1/19,"$31,600,028 ","$21,794,536 ",3.0,g,2017
72,73.0,TX,100.0,New Construction,Stabilized,9/28/10,5/26/11,7/24/12,11/1/13,"$13,832,742 ","$9,061,769 ",2.0,g,2012
73,74.0,CA,116.0,New Construction,Stabilized,5/11/05,3/1/06,3/20/08,12/1/08,"$41,829,968 ","$27,699,170 ",8.0,g,2008
74,75.0,CA,76.0,Rehab - TIP,Pre-stabilized,9/29/17,3/9/18,12/28/18,,"$22,021,168 ","$6,788,734 ",3.0,g,2018
75,76.0,VA,41.0,Rehab,Stabilized,7/31/06,12/27/06,9/1/07,2/24/09,"$2,016,124 ","$940,371 ",4.0,g,2007
76,77.0,CA,99.0,Rehab - TIP,Stabilized,7/7/16,12/7/16,12/15/17,1/1/19,"$20,660,468 ","$8,311,951 ",1.0,g,2017
77,78.0,NY,24.0,New Construction,Stabilized,3/31/08,6/10/08,6/8/09,4/1/10,"$4,519,017 ","$3,269,000 ",5.0,g,2009
78,79.0,NY,189.0,Rehab - TIP,Stabilized,2/12/14,11/13/14,5/19/16,12/1/16,"$36,527,770 ","$14,288,532 ",4.0,g,2016
79,80.0,TX,119.0,New Construction,Construction,12/20/17,9/20/18,,,,"$17,575,483 ",4.0,g,
80,81.0,TX,144.0,New Construction,Stabilized,10/16/06,3/2/07,6/9/08,1/1/09,"$14,857,556 ","$9,829,375 ",3.0,g,2008
81,82.0,CA,92.0,Rehab - TIP,Stabilized,10/2/15,12/17/15,12/31/16,10/1/17,"$15,642,533 ","$5,461,601 ",3.0,g,2016
82,83.0,TX,92.0,New Construction,Stabilized,1/4/11,5/20/11,3/14/12,7/1/13,"$10,083,283 ","$6,906,057 ",2.0,g,2012
83,84.0,NY,104.0,New Construction,Operational,2/8/17,11/21/17,6/14/19,,,"$16,387,528 ",3.0,g,2019
84,85.0,TX,200.0,New Construction,Lease-Up,3/3/17,5/19/17,,,,"$31,354,179 ",4.0,g,
85,86.0,CA,18.0,Rehab - TIP,Stabilized,8/19/16,4/12/17,1/26/18,1/1/19,"$7,284,694 ","$1,755,713 ",2.0,g,2018
86,87.0,NY,124.0,New Construction,Stabilized,2/9/10,12/30/10,2/13/13,3/1/15,"$36,667,358 ","$27,607,570 ",6.0,g,2013
87,88.0,TX,252.0,New Construction,Stabilized,4/27/15,6/8/16,11/22/17,7/1/19,"$32,262,481 ","$21,600,000 ",2.0,g,2017
88,89.0,TX,90.0,New Construction,Lease-Up,6/2/17,12/15/17,,,,"$9,474,758 ",2.0,g,
89,90.0,CA,51.0,New Construction,Stabilized,8/28/06,11/20/06,11/20/08,10/1/10,"$27,571,145 ","$3,144,996 ",7.0,g,2008
90,92.0,CA,35.0,New Construction,Stabilized,7/29/05,6/1/07,6/1/07,5/1/08,"$16,284,272 ","$9,945,238 ",3.0,g,2007
91,93.0,TX,130.0,New Construction,Stabilized,12/21/10,7/18/11,11/22/12,12/1/14,"$16,937,023 ","$10,369,234 ",4.0,g,2012
92,94.0,TX,177.0,New Construction,Construction,3/20/19,10/24/19,,,,"$20,614,388 ",3.0,g,
93,95.0,NY,101.0,Rehab,Stabilized,5/23/11,10/20/11,11/15/12,1/1/13,"$7,687,981 ","$2,073,415 ",3.0,g,2012
94,96.0,TX,357.0,Rehab - TIP,Pre-stabilized,5/6/16,11/1/16,3/27/18,,"$61,964,741 ","$17,053,337 ",4.0,g,2018
95,98.0,CA,136.0,Rehab - TIP,Stabilized,8/14/17,11/15/17,6/28/18,8/1/18,"$27,718,065 ","$2,837,130 ",5.0,g,2018
96,99.0,VA,116.0,Rehab,Stabilized,7/20/04,4/30/06,12/31/05,8/6/07,"$14,586,252 ","$2,726,011 ",3.0,g,2005
97,100.0,CA,118.0,Rehab - TIP,Stabilized,10/12/15,2/26/16,12/31/16,3/1/18,"$44,082,491 ","$15,390,026 ",16.0,g,2016
98,101.0,NY,71.0,New Construction,Construction,6/19/17,1/22/18,,,,"$20,451,573 ",6.0,g,
99,102.0,NY,83.0,New Construction,Pre-stabilized,9/12/14,5/23/17,8/30/18,,"$16,540,062 ","$10,729,821 ",6.0,g,2018
100,103.0,CA,89.0,New Construction,Stabilized,5/3/13,7/31/13,11/14/14,11/1/15,"$23,085,626 ","$13,539,817 ",4.0,g,2014
101,104.0,NY,85.0,New Construction,Construction,3/8/19,10/24/19,,,,"$27,370,287 ",4.0,g,
102,105.0,NY,69.0,New Construction,Stabilized,5/31/05,12/1/05,1/25/07,1/22/08,"$7,898,335 ","$5,367,616 ",5.0,g,2007
103,106.0,VA,50.0,Rehab,Stabilized,5/30/06,12/18/06,7/30/07,3/31/09,"$11,883,871 ","$1,411,422 ",4.0,g,2007
104,107.0,CA,122.0,Rehab,Stabilized,4/21/11,10/25/11,7/20/12,1/31/13,"$20,397,366 ","$5,461,679 ",4.0,g,2012
105,108.0,CA,290.0,New Construction,Construction,8/2/16,10/19/16,,,,"$57,671,538 ",5.0,g,
106,109.0,TX,252.0,New Construction,Stabilized,3/13/08,8/1/08,2/28/10,3/1/11,"$30,856,886 ","$21,479,518 ",6.0,g,2010
107,110.0,NY,41.0,New Construction & Rehab,Construction,8/27/18,5/10/19,,,,"$10,310,660 ",7.0,g,
108,111.0,NY,96.0,Rehab,Stabilized,5/23/11,10/20/11,9/21/12,1/1/13,"$7,235,224 ","$1,023,367 ",3.0,g,2012
109,112.0,CA,153.0,New Construction,Stabilized,12/9/10,3/17/11,7/20/12,4/1/14,"$24,384,213 ","$17,197,417 ",3.0,g,2012
110,113.0,TX,22.0,New Construction,Stabilized,11/6/06,8/28/07,9/11/08,8/1/09,"$6,065,958 ","$4,044,786 ",8.0,g,2008
111,114.0,NY,47.0,New Construction,Stabilized,11/21/13,8/29/14,3/15/16,9/1/16,"$12,519,148 ","$8,965,431 ",5.0,g,2016
112,116.0,CA,81.0,Rehab - TIP,Stabilized,2/22/18,5/16/18,5/1/18,12/1/18,"$7,379,195 ","$1,454,860 ",5.0,g,2018
113,117.0,NY,51.0,Rehab,Stabilized,5/23/11,10/20/11,8/23/12,1/1/13,"$3,750,681 ","$993,805 ",2.0,g,2012
114,118.0,TX,144.0,New Construction,Stabilized,1/26/11,6/3/11,11/30/12,9/1/13,"$19,523,670 ","$13,584,431 ",2.0,g,2012
115,119.0,TX,80.0,New Construction,Stabilized,8/26/10,4/12/11,12/14/11,8/1/13,"$9,173,615 ","$6,008,523 ",2.0,g,2011
116,120.0,CA,56.0,New Construction,Stabilized,6/21/11,11/23/11,2/1/13,11/1/14,"$16,585,218 ","$12,223,834 ",6.0,g,2013
117,121.0,CA,35.0,New Construction,Stabilized,7/9/14,1/21/15,3/24/16,5/1/17,"$8,788,314 ","$5,705,528 ",6.0,g,2016
118,122.0,TX,101.0,New Construction,Lease-Up,9/14/17,1/18/18,6/4/19,,,"$9,947,741 ",1.0,g,2019
119,123.0,TX,180.0,New Construction,Stabilized,11/4/11,7/27/12,11/21/13,3/1/15,"$24,220,065 ","$15,406,549 ",3.0,g,2013
120,124.0,TX,180.0,New Construction,Operational,6/30/17,12/15/17,1/31/19,,"$31,017,290 ","$21,421,046 ",2.0,g,2019
121,125.0,TX,180.0,New Construction,Stabilized,10/10/13,9/8/14,3/30/16,9/1/17,"$25,575,483 ","$17,330,138 ",3.0,g,2016
122,126.0,TX,182.0,New Construction,Stabilized,12/10/09,9/15/10,11/4/11,7/1/13,"$21,197,467 ","$15,416,164 ",4.0,g,2011
123,127.0,TX,180.0,New Construction,Stabilized,10/10/13,4/25/14,12/21/15,8/1/17,"$26,073,412 ","$17,086,154 ",2.0,g,2015
124,128.0,TX,222.0,New Construction,Stabilized,9/30/15,10/31/16,12/29/17,1/0/00,"$34,338,012 ","$23,423,940 ",3.0,g,2017
125,129.0,TX,194.0,New Construction,Stabilized,9/19/14,6/30/15,3/30/17,3/1/18,"$28,636,043 ","$19,347,764 ",4.0,g,2017
126,130.0,TX,93.0,New Construction,Construction,8/17/18,7/22/19,,,,"$10,340,860 ",2.0,g,
127,131.0,NY,63.0,New Construction,Stabilized,5/21/07,6/7/07,9/18/09,6/1/10,"$16,473,005 ","$12,241,387 ",5.0,g,2009
128,132.0,NY,24.0,New Construction,Stabilized,2/8/12,6/29/12,12/24/13,7/1/15,"$8,691,386 ","$6,378,263 ",4.0,g,2013
129,133.0,TX,244.0,New Construction,Lease-Up,9/22/16,10/2/17,3/28/19,,,"$25,719,261 ",3.0,g,2019
130,134.0,TX,80.0,New Construction,Pre-stabilized,11/10/15,11/15/16,12/28/17,,"$15,954,157 ","$9,603,344 ",3.0,g,2017
131,135.0,TX,176.0,New Construction,Stabilized,10/18/10,3/31/11,6/1/12,11/1/13,"$22,787,646 ","$15,296,498 ",4.0,g,2012
132,136.0,TX,208.0,New Construction,Stabilized,8/8/12,11/2/12,9/10/14,5/1/15,"$29,094,384 ","$19,384,999 ",4.0,g,2014
133,137.0,TX,104.0,New Construction,Lease-Up,5/22/17,10/30/17,3/29/19,,,"$12,938,996 ",3.0,g,2019
134,138.0,TX,120.0,New Construction,Construction,8/28/18,3/28/19,,,,"$11,098,211 ",2.0,g,
135,139.0,NY,59.0,Rehab,Stabilized,7/9/14,10/16/14,7/31/15,3/1/15,"$18,941,815 ","$12,612,553 ",6.0,g,2015
136,140.0,CA,102.0,New Construction,Stabilized,7/7/08,9/1/08,5/17/10,4/1/11,"$20,418,457 ","$14,684,831 ",5.0,g,2010
137,141.0,NY,50.0,New Construction,Stabilized,1/21/14,4/17/14,3/31/15,1/1/16,"$11,036,875 ","$7,636,327 ",5.0,g,2015
138,142.0,CA,132.0,Rehab - TIP,Pre-stabilized,2/23/18,9/14/18,11/9/18,,"$22,192,576 ","$3,151,572 ",4.0,g,2018
139,143.0,CA,126.0,Rehab - TIP,Construction,11/9/18,2/28/19,,,,"$5,992,812 ",3.0,g,
140,144.0,NY,61.0,Rehab,Stabilized,5/28/15,2/17/16,11/30/17,3/1/19,"$24,491,166 ","$19,747,016 ",3.0,g,2017
141,145.0,NY,150.0,Rehab - TIP,Stabilized,2/10/12,11/21/13,12/30/14,3/1/16,"$15,328,845 ","$5,238,539 ",6.0,g,2014
142,146.0,TX,192.0,Rehab - TIP,Stabilized,8/18/17,10/20/17,12/1/17,3/1/18,"$26,139,191 ","$3,435,840 ",3.0,g,2017
143,147.0,TX,140.0,New Construction,Stabilized,8/29/14,2/20/15,5/5/16,5/1/17,"$17,641,916 ","$12,195,328 ",3.0,g,2016
144,148.0,NY,62.0,New Construction,Stabilized,8/26/15,10/15/15,12/22/16,5/2/18,"$12,845,934 ","$8,630,874 ",4.0,g,2016
145,149.0,TX,140.0,New Construction,Stabilized,8/17/16,12/1/16,6/1/18,9/1/18,"$25,281,375 ","$16,857,627 ",2.0,g,2018
146,150.0,NY,95.0,New Construction,Stabilized,10/23/14,12/31/14,2/2/17,11/1/18,"$41,257,695 ","$27,876,044 ",5.0,g,2017
147,151.0,NY,178.0,New Construction,Construction,1/17/18,6/27/19,,,,"$58,331,949 ",5.0,g,
148,152.0,CA,20.0,Rehab,Stabilized,8/20/07,3/6/08,11/6/08,5/1/09,"$6,648,472 ","$269,143 ",5.0,g,2008
149,153.0,CA,75.0,Rehab - TIP,Pre-stabilized,9/29/17,3/13/18,12/20/18,,"$20,041,311 ","$7,555,272 ",2.0,g,2018
150,154.0,TX,36.0,New Construction,Stabilized,7/19/07,12/17/07,11/28/07,5/31/09,"$4,855,934 ","$3,252,639 ",4.0,g,2007
151,155.0,NY,114.0,New Construction,Construction,1/25/19,6/20/19,,,,"$19,228,415 ",4.0,g,
152,156.0,NY,500.0,Rehab,Stabilized,10/14/11,12/13/11,12/15/12,4/1/14,"$53,370,433 ","$23,232,365 ",5.0,g,2012
153,157.0,TX,80.0,New Construction,Construction,8/16/18,10/31/18,,,,"$9,106,450 ",2.0,g,
154,158.0,CA,337.0,Rehab,Stabilized,4/17/06,12/5/06,8/1/08,12/10/09,"$37,916,831 ","$7,033,782 ",3.0,g,2008
155,159.0,NY,61.0,New Construction,Stabilized,2/3/09,6/30/09,9/27/11,4/1/15,"$12,958,563 ","$9,556,175 ",2.0,g,2011
156,160.0,TX,108.0,New Construction,Operational,3/17/17,8/11/17,11/27/18,,,"$9,581,990 ",2.0,g,2018
157,161.0,TX,132.0,New Construction,Pre-stabilized,9/9/15,6/30/16,2/14/18,,"$22,189,487 ","$14,480,861 ",4.0,g,2018
158,162.0,NY,121.0,New Construction,Stabilized,8/31/12,6/27/13,5/29/15,7/1/16,"$63,433,353 ","$43,706,835 ",11.0,g,2015
159,163.0,CA,44.0,New Construction,Pre-stabilized,5/6/16,11/1/16,5/31/18,,"$13,736,210 ","$11,549,061 ",1.0,g,2018
160,164.0,CA,166.0,New Construction,Stabilized,6/30/08,9/1/08,10/9/09,10/1/10,"$43,547,358 ","$24,661,934 ",3.0,g,2009
161,165.0,CA,141.0,New Construction & Rehab - TIP,Pre-stabilized,4/24/17,11/30/17,11/30/18,,"$52,952,006 ","$14,767,193 ",12.0,g,2018
162,166.0,TX,180.0,New Construction,Stabilized,8/21/06,12/14/07,3/26/09,6/30/10,"$23,618,577 ","$13,831,770 ",3.0,g,2009
163,167.0,TX,120.0,New Construction,Stabilized,9/11/06,9/13/07,10/30/08,1/1/10,"$11,323,955 ","$7,867,602 ",3.0,g,2008
164,168.0,TX,96.0,New Construction,Stabilized,8/28/15,3/29/16,12/28/17,11/1/18,"$16,598,224 ","$10,891,525 ",2.0,g,2017
165,169.0,TX,98.0,New Construction,Construction,8/16/18,10/31/18,,,,"$9,850,000 ",2.0,g,
166,170.0,CA,57.0,New Construction,Construction,2/21/18,10/31/18,,,,"$20,528,618 ",3.0,g,
167,171.0,VA,120.0,New Construction,Construction,7/18/18,4/11/19,,,,"$16,435,685 ",3.0,g,
168,172.0,NY,50.0,New Construction,Construction,9/24/15,9/28/17,,,,"$10,347,573 ",7.0,g,
169,173.0,CA,144.0,Rehab - TIP,Stabilized,9/22/15,12/22/15,11/10/16,12/1/17,"$33,942,172 ","$5,070,989 ",3.0,g,2016
170,174.0,CA,98.0,Rehab - TIP,Stabilized,5/7/14,11/20/14,8/25/15,8/1/16,"$24,906,564 ","$3,907,962 ",7.0,g,2015
171,175.0,CA,92.0,Rehab - TIP,Operational,7/15/16,10/17/16,12/1/17,,,"$4,141,049 ",3.0,g,2017
172,176.0,CA,85.0,Rehab - TIP,Stabilized,7/14/17,10/17/17,1/15/18,2/1/18,"$17,482,616 ","$2,057,925 ",5.0,g,2018
173,97.0,CA,133.0,Rehab - TIP,Construction,11/9/18,2/28/19,,,,"$7,963,292 ",4.0,g,
174,177.0,VA,94.0,New Construction,Stabilized,4/3/06,4/10/07,1/1/09,6/30/09,"$30,838,890 ","$18,943,225 ",6.0,g,2009
175,178.0,TX,194.0,Rehab - TIP,Construction,4/20/18,11/5/18,,,,"$24,662,320 ",5.0,g,
176,179.0,NY,72.0,Rehab,Pre-stabilized,8/4/15,11/9/16,12/19/17,,,"$18,484,759 ",4.0,g,2017
177,180.0,TX,60.0,New Construction,Lease-Up,4/7/17,7/14/17,9/3/18,,"$8,462,786 ","$6,229,612 ",2.0,g,2018
178,181.0,NY,38.0,New Construction,Stabilized,5/29/09,9/30/09,10/27/11,3/1/15,"$9,616,832 ","$6,934,872 ",4.0,g,2011
179,182.0,NY,105.0,New Construction,Stabilized,11/5/08,5/7/09,12/28/10,6/1/12,"$25,378,313 ","$19,510,700 ",6.0,g,2010
180,183.0,TX,107.0,New Construction,Lease-Up,6/28/17,12/20/17,12/6/18,,,"$11,763,345 ",2.0,g,2018
181,184.0,VA,64.0,New Construction,Stabilized,5/2/08,10/1/08,9/28/09,1/1/13,"$25,866,986 ","$28,718,171 ",3.0,g,2009
182,185.0,TX,152.0,New Construction,Stabilized,2/1/13,5/31/13,12/23/14,8/1/17,"$19,228,459 ","$13,128,067 ",7.0,g,2014
183,186.0,TX,152.0,New Construction,Stabilized,12/20/11,4/19/12,9/9/13,8/1/15,"$19,135,334 ","$13,065,027 ",2.0,g,2013
184,187.0,TX,80.0,New Construction,Stabilized,10/9/13,9/24/14,12/17/15,12/1/17,"$9,436,531 ","$6,773,172 ",4.0,g,2015
185,188.0,TX,330.0,Rehab,Construction,9/1/17,3/21/18,,,,"$33,911,077 ",4.0,g,
186,189.0,CA,42.0,Rehab,Stabilized,12/16/13,3/20/14,3/31/15,9/1/16,"$9,948,649 ","$4,348,595 ",4.0,g,2015
187,190.0,VA,90.0,Rehab,Stabilized,11/20/06,12/18/06,7/31/08,12/19/08,"$26,501,549 ","$3,697,512 ",6.0,g,2008
188,191.0,CA,100.0,New Construction,Stabilized,1/22/07,8/14/07,2/12/09,10/1/09,"$35,312,139 ","$27,622,091 ",7.0,g,2009
189,192.0,TX,278.0,New Construction,Construction,5/1/18,4/11/19,,,,"$36,659,430 ",4.0,g,
190,193.0,CA,24.0,New Construction,Stabilized,10/17/06,2/14/07,3/31/08,3/1/08,"$10,045,167 ","$5,951,685 ",4.0,g,2008
191,194.0,TX,140.0,New Construction,Stabilized,10/26/10,11/17/11,11/22/12,9/1/14,"$16,270,579 ","$11,126,084 ",4.0,g,2012
192,195.0,TX,92.0,New Construction,Stabilized,10/14/11,5/22/12,5/16/13,5/1/15,"$12,130,425 ","$7,955,756 ",3.0,g,2013
193,196.0,CA,56.0,Rehab,Stabilized,7/19/12,12/21/12,8/19/13,7/1/15,"$7,011,107 ","$1,739,430 ",3.0,g,2013
194,197.0,TX,54.0,New Construction,Stabilized,10/28/10,12/12/11,6/29/12,11/1/14,"$11,196,170 ","$6,785,017 ",3.0,g,2012
195,198.0,CA,180.0,New Construction,Stabilized,4/27/12,12/7/12,10/16/14,11/1/16,"$38,247,879 ","$26,539,991 ",8.0,g,2014
196,199.0,TX,61.0,New Construction,Stabilized,8/26/13,10/31/14,2/2/16,6/1/17,"$10,080,737 ","$7,010,841 ",4.0,g,2016
197,200.0,CA,164.0,Acq/Rehab,Stabilized,8/9/13,10/11/13,10/1/13,12/1/14,"$16,919,232 ","$3,729,473 ",2.0,g,2013
198,201.0,CA,12.0,New Construction,Stabilized,10/21/14,3/20/15,11/30/15,6/1/16,"$4,712,756 ","$3,288,643 ",1.0,g,2015
199,202.0,CA,31.0,Rehab,Stabilized,12/16/13,4/10/14,5/1/15,10/1/15,"$9,294,675 ","$2,459,992 ",2.0,g,2015
200,203.0,CA,46.0,Rehab,Stabilized,8/21/12,2/4/13,9/3/13,2/1/15,"$8,415,146 ","$1,834,570 ",2.0,g,2013
201,204.0,NY,40.0,New Construction,Stabilized,10/25/04,11/30/06,7/1/08,5/31/11,"$10,176,625 ","$6,942,004 ",6.0,g,2008
202,205.0,NY,101.0,New Construction,Pre-stabilized,11/14/14,7/1/15,7/26/17,,"$57,145,732 ","$38,305,501 ",8.0,g,2017
203,206.0,CA,96.0,Rehab,Stabilized,7/19/12,12/21/12,10/31/13,4/1/15,"$8,415,297 ","$4,235,713 ",2.0,g,2013
204,207.0,CA,135.0,Rehab,Stabilized,7/25/12,12/12/12,12/13/13,10/1/14,"$24,562,509 ","$5,241,800 ",4.0,g,2013
205,208.0,CA,58.0,New Construction,Stabilized,7/29/05,5/1/07,7/15/07,5/1/08,"$25,531,271 ","$15,918,538 ",5.0,g,2007
206,209.0,CA,59.0,Rehab - TIP,Stabilized,8/19/16,3/17/17,12/29/17,3/1/19,"$13,071,807 ","$4,618,278 ",2.0,g,2017
207,210.0,CA,107.0,Rehab,Stabilized,8/21/12,2/4/13,10/31/13,2/1/15,"$23,150,735 ","$4,229,742 ",2.0,g,2013
208,211.0,TX,180.0,New Construction,Stabilized,4/28/08,10/1/08,1/12/10,3/31/11,"$15,516,964 ","$10,084,080 ",2.0,g,2010
209,212.0,TX,180.0,New Construction,Stabilized,6/4/08,10/1/08,3/9/10,5/1/11,"$15,509,336 ","$10,103,806 ",2.0,g,2010
210,213.0,TX,36.0,New Construction,Stabilized,1/23/12,6/29/12,10/18/13,7/1/16,"$7,225,648 ","$4,562,048 ",3.0,g,2013
211,214.0,TX,128.0,New Construction,Stabilized,8/23/13,5/23/14,5/20/15,7/1/16,"$16,057,851 ","$11,530,821 ",2.0,g,2015
212,215.0,CA,62.0,Rehab - TIP,Stabilized,11/3/17,12/20/17,11/2/18,11/1/18,"$12,841,909 ","$1,193,000 ",5.0,g,2018
213,216.0,TX,96.0,New Construction,Stabilized,10/9/14,4/10/15,2/24/17,10/1/17,"$14,623,473 ","$10,228,357 ",3.0,g,2017
214,217.0,CA,69.0,New Construction,Stabilized,3/17/11,9/16/11,9/1/12,4/1/14,"$12,588,745 ","$6,614,655 ",4.0,g,2012
215,218.0,CA,81.0,New Construction,Stabilized,7/16/14,10/31/14,10/5/15,6/1/17,"$14,480,450 ","$9,775,419 ",3.0,g,2015
216,219.0,NY,104.0,New Construction,Stabilized,7/22/08,12/22/08,12/14/10,2/1/12,"$26,569,070 ","$18,215,779 ",5.0,g,2010
217,220.0,CA,100.0,Rehab - TIP,Stabilized,1/22/16,7/7/16,12/29/17,1/0/00,"$24,730,856 ","$6,825,608 ",3.0,g,2017
218,221.0,CA,40.0,New Construction,Stabilized,8/29/06,11/2/06,12/1/07,3/1/09,"$12,505,713 ","$7,655,455 ",5.0,g,2007
219,222.0,VA,152.0,Rehab,Stabilized,3/3/08,8/1/08,7/1/10,2/1/11,"$56,120,188 ","$15,994,146 ",3.0,g,2010
220,223.0,TX,110.0,New Construction,Construction,3/2/18,10/19/18,,,,"$11,227,000 ",2.0,g,
221,224.0,TX,215.0,New Construction,Operational,1/16/15,7/16/15,12/21/17,,"$41,748,371 ","$29,751,808 ",7.0,g,2017
222,225.0,TX,201.0,New Construction,Stabilized,12/1/09,11/16/10,3/19/12,10/1/13,"$24,633,961 ","$17,436,592 ",3.0,g,2012
223,226.0,TX,252.0,New Construction,Stabilized,8/1/11,10/12/11,12/17/12,9/1/13,"$29,463,191 ","$17,449,715 ",3.0,g,2012
